dt,txns,net_amount,avg_ticket,active_users,active_cards,fraud_count,fraud_rate,online_share,refund_count
2013-01-01,4671,174952.19,37.45,1323,2185,0,0.0,14.26,219
2013-01-02,4025,195611.66,48.6,1320,2108,0,0.0,12.42,164
2013-01-03,4575,189366.55,41.39,1341,2233,0,0.0,11.32,214
2013-01-04,4447,188117.28,42.3,1323,2185,0,0.0,11.47,202
2013-01-05,4570,190480.58,41.68,1330,2201,0,0.0,11.05,223
2013-01-06,4541,199182.48,43.86,1330,2195,0,0.0,11.56,221
2013-01-07,4613,201525.38,43.69,1335,2195,0,0.0,11.27,223
2013-01-08,4121,189213.88,45.91,1310,2074,0,0.0,11.84,200
2013-01-09,4187,180868.57,43.2,1280,2092,0,0.0,11.92,229
2013-01-10,4625,185158.42,40.03,1322,2216,0,0.0,11.94,230
2013-01-11,4749,198735.45,41.85,1332,2249,0,0.0,11.56,221
2013-01-12,4551,189554.81,41.65,1327,2185,0,0.0,11.69,220
2013-01-13,4539,196675.12,43.33,1326,2233,0,0.0,11.1,212
2013-01-14,4679,208299.76,44.52,1338,2205,0,0.0,10.69,241
2013-01-15,4044,185232.14,45.8,1304,2055,0,0.0,12.93,169
2013-01-16,4086,167287.6,40.94,1303,2079,0,0.0,12.19,220
2013-01-17,4527,167676.67,37.04,1322,2190,0,0.0,13.19,205
2013-01-18,4484,192517.65,42.93,1320,2182,0,0.0,11.8,205
2013-01-19,4539,193287.32,42.58,1339,2212,0,0.0,11.39,205
2013-01-20,4526,192098.33,42.44,1323,2184,0,0.0,10.98,218
2013-01-21,4574,206428.71,45.13,1350,2208,0,0.0,10.93,202
2013-01-22,4010,186727.26,46.57,1308,2077,0,0.0,11.9,155
2013-01-23,4073,174815.43,42.92,1306,2105,0,0.0,11.78,200
2013-01-24,4449,189936.51,42.69,1327,2156,0,0.0,11.44,214
2013-01-25,4652,191066.09,41.07,1329,2204,0,0.0,11.39,240
2013-01-26,4490,185800.21,41.38,1322,2150,0,0.0,11.69,229
2013-01-27,4495,189516.48,42.16,1330,2210,0,0.0,10.88,216
2013-01-28,4592,199243.4,43.39,1337,2194,0,0.0,11.22,222
2013-01-29,4027,187239.69,46.5,1315,2079,0,0.0,12.42,154
2013-01-30,4061,170846.23,42.07,1290,2066,0,0.0,11.8,214
2013-01-31,4622,199684.04,43.2,1325,2179,0,0.0,11.68,213
2013-02-01,4614,198862.85,43.1,1353,2245,0,0.0,12.44,227
2013-02-02,4506,189714.41,42.1,1317,2183,0,0.0,11.47,195
2013-02-03,4703,197360.31,41.96,1339,2216,0,0.0,11.67,234
2013-02-04,4739,206169.45,43.5,1345,2236,0,0.0,11.29,223
2013-02-05,4094,183240.95,44.76,1282,2078,0,0.0,12.53,169
2013-02-06,4174,184363.04,44.17,1309,2127,0,0.0,12.03,213
2013-02-07,4607,196404.91,42.63,1341,2218,0,0.0,11.89,232
2013-02-08,4610,185982.65,40.34,1345,2215,0,0.0,11.43,229
2013-02-09,4604,195439.24,42.45,1335,2203,0,0.0,11.38,224
2013-02-10,4580,195415.47,42.67,1351,2253,0,0.0,11.27,242
2013-02-11,4638,214165.53,46.18,1330,2228,0,0.0,11.64,229
2013-02-12,4109,192176.36,46.77,1318,2133,0,0.0,11.73,177
2013-02-13,4280,178895.47,41.8,1330,2163,0,0.0,12.45,254
2013-02-14,4524,185815.97,41.07,1323,2185,0,0.0,11.58,204
2013-02-15,4538,190538.2,41.99,1336,2209,0,0.0,11.37,203
2013-02-16,4649,192626.11,41.43,1346,2235,3,0.0645,11.25,242
2013-02-17,4517,192232.01,42.56,1341,2219,6,0.1328,11.84,222
2013-02-18,4623,194588.18,42.09,1323,2194,0,0.0,11.27,241
2013-02-19,4125,204856.2,49.66,1314,2112,10,0.2424,12.58,163
2013-02-20,4198,185106.69,44.09,1319,2133,0,0.0,12.91,221
2013-02-21,4728,176980.57,37.43,1338,2223,1,0.0212,14.26,245
2013-02-22,4533,190687.93,42.07,1343,2218,0,0.0,11.58,204
2013-02-23,4557,197996.67,43.45,1314,2195,3,0.0658,11.94,223
2013-02-24,4543,204791.32,45.08,1318,2189,6,0.1321,12.24,204
2013-02-25,4735,218365.38,46.12,1342,2223,0,0.0,11.76,232
2013-02-26,4090,185067.62,45.25,1307,2082,7,0.1711,11.86,172
2013-02-27,4369,192031.34,43.95,1315,2171,0,0.0,11.9,254
2013-02-28,4553,189178.18,41.55,1343,2221,5,0.1098,10.61,229
2013-03-01,4583,190017.1,41.46,1346,2235,2,0.0436,12.13,216
2013-03-02,4688,194899.16,41.57,1344,2268,3,0.064,11.16,235
2013-03-03,4513,188454.81,41.76,1341,2172,2,0.0443,11.48,228
2013-03-04,4649,209521.69,45.07,1343,2255,2,0.043,11.51,230
2013-03-05,4045,195217.78,48.26,1311,2083,7,0.1731,12.21,162
2013-03-06,4311,184161.71,42.72,1328,2167,2,0.0464,11.85,232
2013-03-07,4612,190538.64,41.31,1325,2221,9,0.1951,11.71,240
2013-03-08,4568,194162.84,42.51,1335,2205,0,0.0,12.22,201
2013-03-09,4654,193667.47,41.61,1333,2243,7,0.1504,11.93,215
2013-03-10,4714,198531.81,42.12,1328,2215,13,0.2758,12.2,238
2013-03-11,4709,212558.84,45.14,1339,2250,0,0.0,11.74,231
2013-03-12,4118,193994.81,47.11,1321,2106,6,0.1457,12.94,171
2013-03-13,4163,176855.76,42.48,1318,2121,2,0.048,11.58,240
2013-03-14,4659,197633.71,42.42,1336,2225,0,0.0,11.33,229
2013-03-15,4628,192597.37,41.62,1328,2198,0,0.0,12.25,221
2013-03-16,4581,194448.92,42.45,1321,2206,0,0.0,11.44,238
2013-03-17,4653,196334.18,42.2,1344,2248,0,0.0,11.3,231
2013-03-18,4615,203889.38,44.18,1337,2207,0,0.0,11.81,220
2013-03-19,4100,185210.81,45.17,1314,2099,0,0.0,11.71,167
2013-03-20,4259,180060.58,42.28,1323,2144,0,0.0,11.48,245
2013-03-21,4576,194762.27,42.56,1327,2194,0,0.0,11.71,231
2013-03-22,4604,194739.58,42.3,1337,2216,0,0.0,11.49,226
2013-03-23,4571,186833.28,40.87,1337,2228,0,0.0,11.57,229
2013-03-24,4686,189299.93,40.4,1342,2247,0,0.0,11.69,252
2013-03-25,4660,210677.79,45.21,1340,2249,0,0.0,11.27,238
2013-03-26,4188,200186.02,47.8,1324,2133,0,0.0,13.13,180
2013-03-27,4314,183802.23,42.61,1303,2112,0,0.0,11.96,258
2013-03-28,4456,184650.15,41.44,1345,2222,0,0.0,11.47,188
2013-03-29,4631,201203.93,43.45,1346,2234,0,0.0,11.06,239
2013-03-30,4628,191691.66,41.42,1326,2257,0,0.0,12.12,210
2013-03-31,4723,189587.34,40.14,1337,2272,0,0.0,10.65,252
2013-04-01,4760,220309.57,46.28,1361,2247,0,0.0,11.83,257
2013-04-02,4001,195418.21,48.84,1296,2075,0,0.0,11.37,160
2013-04-03,4270,188113.46,44.05,1307,2178,0,0.0,11.59,252
2013-04-04,4577,188768.25,41.24,1337,2212,0,0.0,11.6,244
2013-04-05,4642,191104.57,41.17,1353,2241,0,0.0,11.18,226
2013-04-06,4640,199848.55,43.07,1338,2234,0,0.0,11.85,222
2013-04-07,4649,202624.02,43.58,1347,2262,0,0.0,11.46,232
2013-04-08,4645,206068.51,44.36,1325,2194,0,0.0,11.56,221
2013-04-09,4163,193041.79,46.37,1313,2105,0,0.0,11.36,184
2013-04-10,4211,186213.63,44.22,1316,2150,0,0.0,11.99,234
2013-04-11,4633,191688.33,41.37,1348,2238,0,0.0,11.72,207
2013-04-12,4594,187526.67,40.82,1346,2218,0,0.0,11.73,222
2013-04-13,4723,205034.78,43.41,1353,2271,0,0.0,11.29,229
2013-04-14,4614,207651.05,45.0,1336,2234,0,0.0,11.68,223
2013-04-15,4551,200373.5,44.03,1329,2169,0,0.0,10.66,233
2013-04-16,4153,188842.92,45.47,1322,2131,0,0.0,12.67,191
2013-04-17,4347,185321.44,42.63,1326,2160,0,0.0,11.48,251
2013-04-18,4586,183304.18,39.97,1347,2216,0,0.0,11.36,221
2013-04-19,4731,195030.56,41.22,1346,2270,0,0.0,11.79,252
2013-04-20,4625,195451.96,42.26,1334,2214,0,0.0,11.29,222
2013-04-21,4708,193629.48,41.13,1335,2265,0,0.0,11.87,249
2013-04-22,4512,207894.67,46.08,1331,2166,0,0.0,12.1,202
2013-04-23,4149,196919.7,47.46,1333,2102,0,0.0,11.64,189
2013-04-24,4224,187078.15,44.29,1319,2130,0,0.0,12.26,242
2013-04-25,4637,198847.19,42.88,1356,2268,0,0.0,11.86,216
2013-04-26,4590,196703.91,42.85,1357,2246,0,0.0,11.42,228
2013-04-27,4519,189842.07,42.01,1334,2214,0,0.0,11.62,218
2013-04-28,4623,197418.87,42.7,1332,2231,0,0.0,11.44,236
2013-04-29,4725,208777.09,44.19,1357,2264,0,0.0,11.94,255
2013-04-30,4123,194019.16,47.06,1323,2152,0,0.0,12.08,175
2013-05-01,4244,184534.77,43.48,1322,2129,0,0.0,12.21,215
2013-05-02,4609,197153.28,42.78,1352,2233,0,0.0,11.0,220
2013-05-03,4593,196887.39,42.87,1347,2211,0,0.0,11.34,203
2013-05-04,4625,191328.88,41.37,1336,2197,0,0.0,12.09,216
2013-05-05,4589,192815.2,42.02,1348,2245,0,0.0,11.57,222
2013-05-06,4686,204061.65,43.55,1359,2252,0,0.0,11.5,213
2013-05-07,4121,188489.31,45.74,1312,2128,0,0.0,11.21,189
2013-05-08,4266,179836.44,42.16,1309,2132,0,0.0,12.17,256
2013-05-09,4748,201820.48,42.51,1359,2289,0,0.0,10.72,241
2013-05-10,4639,193356.25,41.68,1341,2214,0,0.0,11.25,226
2013-05-11,4620,201016.08,43.51,1349,2238,0,0.0,10.54,220
2013-05-12,4666,198788.15,42.6,1331,2207,0,0.0,11.27,247
2013-05-13,4642,210908.52,45.43,1348,2220,0,0.0,11.76,215
2013-05-14,4170,191730.29,45.98,1328,2090,0,0.0,12.16,194
2013-05-15,4254,182130.26,42.81,1326,2161,0,0.0,13.14,240
2013-05-16,4680,198297.0,42.37,1339,2218,0,0.0,12.29,229
2013-05-17,4666,202501.84,43.4,1346,2247,0,0.0,10.37,225
2013-05-18,4579,193485.08,42.25,1332,2204,0,0.0,11.38,217
2013-05-19,4701,199262.9,42.39,1338,2234,0,0.0,11.66,245
2013-05-20,4691,213722.01,45.56,1337,2215,0,0.0,11.79,224
2013-05-21,4039,194431.26,48.14,1324,2108,0,0.0,11.59,147
2013-05-22,4307,189222.75,43.93,1324,2159,0,0.0,12.07,248
2013-05-23,4689,192406.36,41.03,1358,2251,0,0.0,11.86,239
2013-05-24,4572,198305.22,43.37,1340,2222,0,0.0,11.29,205
2013-05-25,4562,190545.57,41.77,1345,2205,0,0.0,11.97,222
2013-05-26,4708,205085.07,43.56,1345,2255,0,0.0,11.58,231
2013-05-27,4649,211980.72,45.6,1359,2273,0,0.0,10.95,228
2013-05-28,4140,193656.17,46.78,1331,2123,0,0.0,12.22,192
2013-05-29,4284,196615.04,45.9,1313,2105,0,0.0,11.67,242
2013-05-30,4750,179224.04,37.73,1327,2275,0,0.0,14.06,217
2013-05-31,4657,195321.8,41.94,1346,2224,0,0.0,11.62,233
2013-06-01,4590,192309.31,41.9,1345,2178,0,0.0,11.9,215
2013-06-02,4666,204479.43,43.82,1352,2250,0,0.0,11.47,209
2013-06-03,4630,208449.56,45.02,1345,2210,0,0.0,11.79,217
2013-06-04,4214,200680.9,47.62,1321,2148,0,0.0,11.98,180
2013-06-05,4152,185599.94,44.7,1318,2080,0,0.0,11.97,229
2013-06-06,4580,199452.72,43.55,1326,2212,0,0.0,11.27,206
2013-06-07,4660,196432.47,42.15,1346,2253,0,0.0,10.69,224
2013-06-08,4586,199341.23,43.47,1339,2215,0,0.0,11.8,223
2013-06-09,4729,196808.33,41.62,1362,2250,0,0.0,10.93,248
2013-06-10,4726,212591.68,44.98,1344,2216,0,0.0,11.57,251
2013-06-11,4127,199452.97,48.33,1313,2102,0,0.0,11.92,181
2013-06-12,4305,183541.83,42.63,1320,2118,0,0.0,12.17,233
2013-06-13,4749,199597.28,42.03,1348,2255,0,0.0,11.48,253
2013-06-14,4627,190580.87,41.19,1333,2230,0,0.0,11.0,225
2013-06-15,4618,198471.98,42.98,1355,2236,0,0.0,11.87,234
2013-06-16,4592,193004.25,42.03,1329,2204,0,0.0,11.52,236
2013-06-17,4726,223590.53,47.31,1337,2235,0,0.0,11.15,234
2013-06-18,4203,196525.28,46.76,1279,2096,0,0.0,12.32,203
2013-06-19,4344,185647.81,42.74,1323,2157,0,0.0,12.68,246
2013-06-20,4624,192936.06,41.72,1339,2231,0,0.0,12.67,249
2013-06-21,4658,194722.04,41.8,1340,2200,0,0.0,11.42,234
2013-06-22,4609,199575.72,43.3,1348,2253,0,0.0,11.95,218
2013-06-23,4652,198263.31,42.62,1344,2234,0,0.0,12.21,227
2013-06-24,4746,224116.46,47.22,1356,2279,0,0.0,11.99,251
2013-06-25,4225,200864.95,47.54,1333,2138,0,0.0,12.07,188
2013-06-26,4473,195398.3,43.68,1321,2161,0,0.0,12.34,276
2013-06-27,4578,199414.51,43.56,1348,2249,0,0.0,11.34,229
2013-06-28,4799,198630.81,41.39,1356,2302,0,0.0,11.88,255
2013-06-29,4630,191005.27,41.25,1334,2232,0,0.0,12.05,218
2013-06-30,4639,198508.86,42.79,1349,2239,0,0.0,11.68,239
2013-07-01,4770,216188.3,45.32,1341,2268,0,0.0,11.97,235
2013-07-02,4293,203774.78,47.47,1321,2140,0,0.0,12.39,191
2013-07-03,4362,190623.19,43.7,1332,2179,0,0.0,11.6,260
2013-07-04,4741,178325.21,37.61,1342,2254,0,0.0,14.13,202
2013-07-05,4740,196191.57,41.39,1334,2250,0,0.0,11.27,240
2013-07-06,4704,201822.72,42.9,1341,2242,0,0.0,11.39,236
2013-07-07,4714,198101.38,42.02,1338,2214,0,0.0,12.2,230
2013-07-08,4768,217118.87,45.54,1349,2267,0,0.0,11.16,253
2013-07-09,4154,192288.73,46.29,1320,2125,0,0.0,12.08,198
2013-07-10,4331,187964.44,43.4,1312,2117,0,0.0,12.01,250
2013-07-11,4618,194602.35,42.14,1333,2237,0,0.0,11.46,229
2013-07-12,4603,191154.11,41.53,1349,2195,0,0.0,11.49,238
2013-07-13,4721,201044.1,42.59,1350,2247,0,0.0,11.65,254
2013-07-14,4754,208433.76,43.84,1346,2258,0,0.0,10.43,248
2013-07-15,4843,218540.26,45.12,1362,2287,0,0.0,11.29,267
2013-07-16,4237,206488.52,48.73,1304,2120,0,0.0,12.18,185
2013-07-17,4399,191411.74,43.51,1333,2145,0,0.0,11.89,266
2013-07-18,4742,204896.5,43.21,1349,2233,0,0.0,11.49,268
2013-07-19,4688,198735.63,42.39,1334,2224,11,0.2346,11.9,234
2013-07-20,4613,191387.22,41.49,1346,2204,10,0.2168,11.25,250
2013-07-21,4585,192952.48,42.08,1345,2238,12,0.2617,11.58,234
2013-07-22,4602,206705.49,44.92,1333,2198,9,0.1956,10.78,232
2013-07-23,4201,192996.87,45.94,1315,2120,0,0.0,11.83,184
2013-07-24,4305,192892.94,44.81,1329,2161,0,0.0,11.85,249
2013-07-25,4751,196710.15,41.4,1349,2274,2,0.0421,11.18,253
2013-07-26,4750,200436.71,42.2,1365,2297,33,0.6947,11.6,243
2013-07-27,4665,192916.37,41.35,1346,2249,17,0.3644,11.9,216
2013-07-28,4590,193530.09,42.16,1329,2211,11,0.2397,12.05,211
2013-07-29,4742,214628.05,45.26,1347,2238,7,0.1476,11.56,236
2013-07-30,4178,194680.55,46.6,1315,2130,2,0.0479,12.23,190
2013-07-31,4227,189324.36,44.79,1314,2096,0,0.0,12.54,228
2013-08-01,4655,188807.81,40.56,1328,2239,2,0.043,11.6,240
2013-08-02,4650,188028.05,40.44,1361,2261,21,0.4516,11.87,227
2013-08-03,4565,189032.69,41.41,1334,2178,18,0.3943,11.96,229
2013-08-04,4622,186270.79,40.3,1342,2231,26,0.5625,12.22,237
2013-08-05,4715,210465.0,44.64,1360,2270,9,0.1909,11.58,233
2013-08-06,4212,197602.15,46.91,1325,2125,0,0.0,12.2,188
2013-08-07,4327,179186.77,41.41,1335,2173,2,0.0462,12.06,249
2013-08-08,4594,192747.61,41.96,1341,2222,0,0.0,11.99,227
2013-08-09,4525,188077.41,41.56,1327,2189,28,0.6188,12.44,221
2013-08-10,4555,191417.0,42.02,1337,2216,19,0.4171,11.61,210
2013-08-11,4574,201617.89,44.08,1326,2165,5,0.1093,11.5,236
2013-08-12,4715,216132.07,45.84,1345,2244,12,0.2545,11.86,228
2013-08-13,4185,192195.64,45.92,1314,2136,0,0.0,12.71,178
2013-08-14,4313,184131.7,42.69,1328,2134,0,0.0,11.76,243
2013-08-15,4649,190815.7,41.04,1351,2229,4,0.086,10.95,232
2013-08-16,4628,196039.87,42.36,1365,2255,15,0.3241,11.56,217
2013-08-17,4636,196533.15,42.39,1340,2218,17,0.3667,11.97,227
2013-08-18,4621,204167.64,44.18,1338,2242,18,0.3895,12.18,223
2013-08-19,4809,204023.05,42.43,1346,2272,17,0.3535,11.0,254
2013-08-20,4239,195062.79,46.02,1324,2145,0,0.0,11.61,201
2013-08-21,4333,189329.86,43.69,1344,2167,0,0.0,11.77,246
2013-08-22,4672,194833.38,41.7,1345,2234,0,0.0,11.6,241
2013-08-23,4749,203649.68,42.88,1342,2251,43,0.9055,11.9,244
2013-08-24,4731,189610.77,40.08,1353,2269,17,0.3593,11.52,246
2013-08-25,4720,210811.92,44.66,1354,2254,28,0.5932,11.57,249
2013-08-26,4701,204317.71,43.46,1344,2228,12,0.2553,11.23,236
2013-08-27,4255,203322.96,47.78,1315,2160,4,0.094,12.69,207
2013-08-28,4236,182711.05,43.13,1320,2124,0,0.0,12.44,259
2013-08-29,4609,192080.08,41.68,1335,2235,2,0.0434,11.72,245
2013-08-30,4740,191642.42,40.43,1356,2271,18,0.3797,11.29,253
2013-08-31,4682,202306.83,43.21,1348,2261,14,0.299,12.22,209
2013-09-01,4640,195665.99,42.17,1337,2220,10,0.2155,11.96,230
2013-09-02,4711,210810.9,44.75,1342,2276,5,0.1061,11.21,229
2013-09-03,4160,195269.35,46.94,1316,2126,2,0.0481,12.12,191
2013-09-04,4304,191435.07,44.48,1326,2174,0,0.0,12.22,237
2013-09-05,4729,177305.69,37.49,1326,2244,2,0.0423,13.91,218
2013-09-06,4820,205782.65,42.69,1355,2293,22,0.4564,11.95,232
2013-09-07,4733,195119.04,41.23,1350,2239,23,0.4859,12.15,239
2013-09-08,4671,212597.56,45.51,1341,2227,14,0.2997,11.67,220
2013-09-09,4673,198221.93,42.42,1358,2246,4,0.0856,12.24,230
2013-09-10,4163,197256.29,47.38,1313,2124,0,0.0,12.18,182
2013-09-11,4236,183378.55,43.29,1314,2145,2,0.0472,12.02,241
2013-09-12,4680,189696.48,40.53,1352,2245,0,0.0,11.97,222
2013-09-13,4606,192100.64,41.71,1358,2242,13,0.2822,11.72,225
2013-09-14,4567,189089.15,41.4,1349,2216,24,0.5255,12.0,217
2013-09-15,4545,186843.88,41.11,1333,2220,14,0.308,11.53,215
2013-09-16,4633,209011.58,45.11,1347,2255,18,0.3885,11.44,230
2013-09-17,4079,185458.05,45.47,1332,2105,0,0.0,11.47,181
2013-09-18,4291,189377.14,44.13,1323,2154,2,0.0466,12.05,232
2013-09-19,4661,193559.9,41.53,1339,2258,0,0.0,11.63,229
2013-09-20,4600,191303.98,41.59,1356,2244,26,0.5652,12.57,211
2013-09-21,4707,200301.95,42.55,1346,2236,18,0.3824,12.02,223
2013-09-22,4764,200856.13,42.16,1376,2316,13,0.2729,11.92,247
2013-09-23,4772,208114.28,43.61,1333,2261,30,0.6287,11.61,233
2013-09-24,4205,189467.19,45.06,1300,2116,0,0.0,11.22,195
2013-09-25,4247,180253.83,42.44,1341,2145,2,0.0471,12.48,252
2013-09-26,4616,193895.8,42.01,1341,2226,0,0.0,11.05,232
2013-09-27,4639,197042.45,42.48,1348,2257,35,0.7545,11.83,225
2013-09-28,4690,211676.6,45.13,1350,2205,72,1.5352,12.41,237
2013-09-29,4653,196407.77,42.21,1356,2239,34,0.7307,11.65,241
2013-09-30,4631,206295.14,44.55,1349,2287,15,0.3239,11.51,217
2013-10-01,4172,192087.44,46.04,1321,2134,2,0.0479,12.01,173
2013-10-02,4226,184778.01,43.72,1320,2142,8,0.1893,12.19,263
2013-10-03,4731,206323.15,43.61,1341,2280,4,0.0845,11.44,224
2013-10-04,4661,197539.32,42.38,1348,2224,25,0.5364,11.31,233
2013-10-05,4768,202256.36,42.42,1357,2264,29,0.6082,11.77,257
2013-10-06,4551,192916.12,42.39,1358,2198,21,0.4614,11.91,216
2013-10-07,4613,205591.91,44.57,1330,2234,6,0.1301,11.64,240
2013-10-08,4111,195233.63,47.49,1318,2143,2,0.0486,12.45,153
2013-10-09,4362,186359.31,42.72,1343,2192,4,0.0917,11.83,244
2013-10-10,4740,192417.8,40.59,1339,2242,0,0.0,11.56,250
2013-10-11,4619,193454.79,41.88,1352,2234,15,0.3247,11.8,229
2013-10-12,4733,205589.68,43.44,1362,2292,20,0.4226,11.26,240
2013-10-13,4741,200341.21,42.26,1357,2261,11,0.232,11.81,258
2013-10-14,4762,216453.29,45.45,1349,2275,22,0.462,11.99,245
2013-10-15,4146,196012.19,47.28,1306,2140,0,0.0,11.99,168
2013-10-16,4138,178365.24,43.1,1308,2109,0,0.0,11.96,254
2013-10-17,4692,190587.03,40.62,1346,2264,2,0.0426,11.57,223
2013-10-18,4907,207641.74,42.32,1365,2296,65,1.3246,11.76,249
2013-10-19,4606,204752.77,44.45,1351,2235,73,1.5849,13.0,196
2013-10-20,4721,210112.07,44.51,1347,2230,21,0.4448,11.61,228
2013-10-21,4748,211422.78,44.53,1359,2269,10,0.2106,11.1,236
2013-10-22,4091,190844.45,46.65,1308,2132,2,0.0489,11.59,156
2013-10-23,4206,173179.07,41.17,1317,2138,0,0.0,11.75,255
2013-10-24,4675,198879.29,42.54,1353,2246,0,0.0,10.8,236
2013-10-25,4707,201272.59,42.76,1358,2238,33,0.7011,12.43,219
2013-10-26,4686,195043.92,41.62,1363,2274,30,0.6402,12.08,231
2013-10-27,4669,197220.43,42.24,1364,2221,23,0.4926,11.84,235
2013-10-28,4702,216849.96,46.12,1351,2269,3,0.0638,11.85,222
2013-10-29,4147,194935.54,47.01,1328,2134,0,0.0,12.66,200
2013-10-30,4240,177642.16,41.9,1319,2128,0,0.0,12.03,257
2013-10-31,4615,187421.37,40.61,1358,2251,2,0.0433,12.11,232
2013-11-01,4578,199360.64,43.55,1349,2232,32,0.699,12.43,221
2013-11-02,4628,189378.32,40.92,1331,2249,9,0.1945,11.95,211
2013-11-03,4741,203570.35,42.94,1350,2273,6,0.1266,11.54,261
2013-11-04,4649,204417.26,43.97,1349,2264,7,0.1506,11.83,225
2013-11-05,4116,200505.41,48.71,1311,2132,0,0.0,12.07,187
2013-11-06,4257,186919.65,43.91,1311,2153,0,0.0,11.84,253
2013-11-07,4792,203303.13,42.43,1353,2275,0,0.0,11.27,232
2013-11-08,4515,193513.34,42.86,1345,2234,10,0.2215,11.3,213
2013-11-09,4611,200897.76,43.57,1347,2255,12,0.2602,12.43,226
2013-11-10,4648,202399.38,43.55,1352,2254,5,0.1076,11.92,212
2013-11-11,4671,194124.98,41.56,1335,2233,5,0.107,11.48,228
2013-11-12,4254,204221.54,48.01,1331,2157,6,0.141,12.08,188
2013-11-13,4336,189534.59,43.71,1331,2134,0,0.0,11.25,255
2013-11-14,4691,194442.25,41.45,1344,2198,0,0.0,11.4,238
2013-11-15,4643,200071.36,43.09,1341,2203,25,0.5384,12.45,234
2013-11-16,4676,198490.99,42.45,1348,2288,19,0.4063,11.68,238
2013-11-17,4497,191043.96,42.48,1336,2226,17,0.378,11.54,193
2013-11-18,4828,209104.0,43.31,1338,2231,11,0.2278,11.06,262
2013-11-19,4182,198327.1,47.42,1310,2150,0,0.0,12.34,184
2013-11-20,4178,185327.68,44.36,1300,2106,2,0.0479,11.27,225
2013-11-21,4606,188133.69,40.85,1336,2208,0,0.0,11.96,222
2013-11-22,4557,186289.96,40.88,1336,2242,13,0.2853,12.49,213
2013-11-23,4675,196048.84,41.94,1358,2260,17,0.3636,11.59,236
2013-11-24,4771,182549.43,38.26,1342,2270,8,0.1677,13.14,223
2013-11-25,4610,208731.17,45.28,1344,2241,10,0.2169,12.06,216
2013-11-26,4187,191431.24,45.72,1327,2162,0,0.0,11.51,204
2013-11-27,4252,183109.6,43.06,1312,2128,0,0.0,12.28,248
2013-11-28,4711,202533.0,42.99,1349,2273,0,0.0,11.34,229
2013-11-29,4695,201939.9,43.01,1347,2254,36,0.7668,11.74,244
2013-11-30,4582,182941.41,39.93,1352,2247,31,0.6766,11.87,234
2013-12-01,4601,198572.07,43.16,1331,2251,10,0.2173,10.8,220
2013-12-02,4755,207194.42,43.57,1336,2271,8,0.1682,11.82,239
2013-12-03,4206,198408.35,47.17,1311,2153,0,0.0,13.05,185
2013-12-04,4116,182613.96,44.37,1307,2112,0,0.0,12.63,215
2013-12-05,4835,201961.51,41.77,1359,2293,0,0.0,11.23,253
2013-12-06,4688,197745.97,42.18,1345,2268,32,0.6826,11.67,233
2013-12-07,4690,197489.74,42.11,1344,2230,15,0.3198,12.32,236
2013-12-08,4789,200736.18,41.92,1350,2274,17,0.355,11.11,244
2013-12-09,4650,205560.55,44.21,1324,2213,6,0.129,11.31,224
2013-12-10,4142,196611.58,47.47,1329,2148,6,0.1449,11.69,154
2013-12-11,4306,188662.39,43.81,1319,2145,3,0.0697,11.75,249
2013-12-12,4663,194443.11,41.7,1348,2261,0,0.0,10.7,230
2013-12-13,4568,189288.96,41.44,1331,2231,23,0.5035,11.45,212
2013-12-14,4780,192406.97,40.25,1340,2263,24,0.5021,11.36,244
2013-12-15,4605,196073.31,42.58,1358,2252,24,0.5212,11.88,222
2013-12-16,4731,208307.87,44.03,1352,2238,16,0.3382,12.03,251
2013-12-17,4161,190554.67,45.8,1304,2120,3,0.0721,11.97,181
2013-12-18,4251,191342.43,45.01,1323,2152,2,0.047,11.83,239
2013-12-19,4626,187323.46,40.49,1335,2227,0,0.0,10.83,249
2013-12-20,4639,194960.77,42.03,1317,2202,26,0.5605,11.6,235
2013-12-21,4714,205565.7,43.61,1353,2250,19,0.4031,11.26,244
2013-12-22,4732,196273.56,41.48,1351,2239,9,0.1902,11.88,227
2013-12-23,4677,212854.22,45.51,1342,2263,3,0.0641,11.55,229
2013-12-24,4164,215827.49,51.83,1329,2181,3,0.072,12.1,174
2013-12-25,4865,183394.16,37.7,1337,2274,4,0.0822,12.87,275
2013-12-26,4627,190124.66,41.09,1346,2249,3,0.0648,11.24,216
2013-12-27,4558,197583.83,43.35,1327,2226,36,0.7898,12.51,212
2013-12-28,4710,191836.22,40.73,1348,2272,35,0.7431,11.72,233
2013-12-29,4552,188142.26,41.33,1343,2230,12,0.2636,11.56,208
2013-12-30,4623,202380.91,43.78,1357,2257,4,0.0865,11.88,196
2013-12-31,4165,184648.03,44.33,1319,2142,0,0.0,12.0,178
2014-01-01,4801,167816.03,34.95,1342,2234,4,0.0833,13.56,277
2014-01-02,4230,200376.17,47.37,1326,2169,1,0.0236,12.7,178
2014-01-03,4754,207883.57,43.73,1353,2260,0,0.0,12.12,235
2014-01-04,4776,196039.26,41.05,1357,2268,31,0.6491,12.12,232
2014-01-05,4754,201172.25,42.32,1368,2285,22,0.4628,12.14,223
2014-01-06,4721,193646.55,41.02,1351,2269,12,0.2542,11.84,229
2014-01-07,4660,204527.65,43.89,1353,2248,15,0.3219,11.97,221
2014-01-08,4242,196002.17,46.21,1315,2142,0,0.0,12.45,183
2014-01-09,4323,189351.98,43.8,1321,2171,0,0.0,12.31,248
2014-01-10,4724,195911.25,41.47,1355,2266,0,0.0,11.81,230
2014-01-11,4690,195372.11,41.66,1361,2260,11,0.2345,11.98,238
2014-01-12,4613,198225.5,42.97,1348,2259,18,0.3902,12.57,212
2014-01-13,4698,204480.14,43.52,1347,2291,30,0.6386,11.56,207
2014-01-14,4667,218733.83,46.87,1347,2273,9,0.1928,12.02,207
2014-01-15,4191,192592.88,45.95,1325,2130,5,0.1193,12.46,197
2014-01-16,4317,189280.7,43.85,1332,2166,0,0.0,12.0,248
2014-01-17,4717,171734.26,36.41,1331,2232,0,0.0,14.67,205
2014-01-18,4600,198338.3,43.12,1331,2219,25,0.5435,12.37,230
2014-01-19,4632,196036.14,42.32,1344,2227,29,0.6261,12.46,213
2014-01-20,4741,202292.97,42.67,1343,2243,14,0.2953,11.94,263
2014-01-21,4824,212859.16,44.13,1357,2306,7,0.1451,11.55,226
2014-01-22,4173,199959.85,47.92,1319,2133,3,0.0719,12.8,187
2014-01-23,4260,194854.68,45.74,1344,2163,0,0.0,12.51,238
2014-01-24,4601,201661.78,43.83,1357,2260,0,0.0,11.39,214
2014-01-25,4771,203367.78,42.63,1352,2271,30,0.6288,11.93,254
2014-01-26,4651,192108.56,41.3,1360,2277,24,0.516,12.99,215
2014-01-27,4694,197313.09,42.04,1355,2276,19,0.4048,12.1,227
2014-01-28,4734,207621.2,43.86,1363,2263,2,0.0422,11.49,236
2014-01-29,4276,196148.37,45.87,1329,2166,0,0.0,12.23,192
2014-01-30,4330,180196.06,41.62,1317,2128,0,0.0,12.33,236
2014-01-31,4682,201558.46,43.05,1348,2215,2,0.0427,11.68,228
2014-02-01,4720,199817.29,42.33,1351,2279,25,0.5297,11.57,218
2014-02-02,4791,200243.73,41.8,1343,2293,8,0.167,11.79,245
2014-02-03,4607,193573.14,42.02,1346,2228,4,0.0868,11.68,220
2014-02-04,4763,215901.32,45.33,1366,2311,4,0.084,12.05,221
2014-02-05,4180,195356.14,46.74,1323,2153,0,0.0,13.01,174
2014-02-06,4296,183255.3,42.66,1321,2180,0,0.0,12.43,252
2014-02-07,4639,196857.69,42.44,1343,2227,0,0.0,11.99,226
2014-02-08,4696,211889.24,45.12,1345,2252,44,0.937,12.37,230
2014-02-09,4649,209746.01,45.12,1349,2226,34,0.7313,12.84,218
2014-02-10,4708,210241.13,44.66,1348,2248,16,0.3398,12.66,232
2014-02-11,4567,205250.38,44.94,1336,2242,16,0.3503,12.81,206
2014-02-12,4207,206598.36,49.11,1342,2163,3,0.0713,12.27,180
2014-02-13,4362,186675.97,42.8,1326,2175,2,0.0459,12.06,254
2014-02-14,4648,195123.95,41.98,1353,2261,4,0.0861,11.3,212
2014-02-15,4696,192413.8,40.97,1354,2279,12,0.2555,11.67,232
2014-02-16,4739,204690.07,43.19,1349,2283,23,0.4853,12.05,234
2014-02-17,4685,197910.66,42.24,1337,2239,19,0.4055,12.4,237
2014-02-18,4693,213521.85,45.5,1352,2245,2,0.0426,11.7,248
2014-02-19,4203,200744.62,47.76,1333,2188,0,0.0,12.75,154
2014-02-20,4267,179753.27,42.13,1317,2142,2,0.0469,12.05,247
2014-02-21,4861,181819.96,37.4,1350,2324,0,0.0,13.7,229
2014-02-22,4681,195563.32,41.78,1360,2270,21,0.4486,12.33,215
2014-02-23,4708,203772.17,43.28,1352,2295,20,0.4248,12.02,219
2014-02-24,4678,198341.37,42.4,1356,2294,10,0.2138,11.61,229
2014-02-25,4815,215237.47,44.7,1353,2279,3,0.0623,12.07,262
2014-02-26,4172,196598.64,47.12,1328,2145,0,0.0,12.3,172
2014-02-27,4385,194339.53,44.32,1340,2221,2,0.0456,12.63,230
2014-02-28,4685,198345.0,42.34,1361,2256,0,0.0,11.89,219
2014-03-01,4731,200227.75,42.32,1357,2258,20,0.4227,12.07,225
2014-03-02,4751,205906.2,43.34,1357,2312,24,0.5052,12.67,225
2014-03-03,4661,195365.96,41.92,1353,2269,9,0.1931,11.89,212
2014-03-04,4709,208503.0,44.28,1348,2271,11,0.2336,12.4,242
2014-03-05,4181,193217.73,46.21,1329,2159,0,0.0,12.32,177
2014-03-06,4309,186409.65,43.26,1334,2159,2,0.0464,11.23,265
2014-03-07,4664,195797.2,41.98,1357,2251,0,0.0,11.58,228
2014-03-08,4629,194432.02,42.0,1355,2268,41,0.8857,12.38,195
2014-03-09,4785,201417.64,42.09,1361,2269,35,0.7315,12.39,261
2014-03-10,4640,195264.87,42.08,1357,2245,41,0.8836,12.44,224
2014-03-11,4807,213847.4,44.49,1363,2297,17,0.3537,11.67,258
2014-03-12,4198,200681.85,47.8,1329,2165,4,0.0953,11.89,173
2014-03-13,4326,181060.91,41.85,1325,2170,0,0.0,12.25,242
2014-03-14,4646,197576.74,42.53,1349,2258,0,0.0,12.33,221
2014-03-15,4687,199986.43,42.67,1358,2261,22,0.4694,11.65,210
2014-03-16,4686,195569.79,41.73,1360,2300,10,0.2134,12.06,208
2014-03-17,4677,188008.62,40.2,1362,2270,6,0.1283,11.63,239
2014-03-18,4799,205885.95,42.9,1352,2254,6,0.125,12.09,262
2014-03-19,4070,187540.67,46.08,1311,2115,0,0.0,12.14,173
2014-03-20,4199,188082.07,44.79,1343,2189,0,0.0,12.65,215
2014-03-21,4704,202255.79,43.0,1371,2289,0,0.0,11.08,211
2014-03-22,4627,193183.17,41.75,1360,2271,20,0.4322,12.25,223
2014-03-23,4591,190021.23,41.39,1375,2296,7,0.1525,12.31,209
2014-03-24,4733,203294.69,42.95,1349,2256,0,0.0,12.42,220
2014-03-25,4646,208821.83,44.95,1362,2268,0,0.0,11.77,217
2014-03-26,4228,201418.96,47.64,1331,2145,0,0.0,12.32,189
2014-03-27,4366,183263.21,41.98,1316,2197,0,0.0,12.48,255
2014-03-28,4631,197520.08,42.65,1336,2287,0,0.0,11.62,219
2014-03-29,4698,203710.12,43.36,1352,2294,38,0.8089,12.43,229
2014-03-30,4594,196912.77,42.86,1337,2246,27,0.5877,12.56,210
2014-03-31,4669,198543.94,42.52,1353,2301,18,0.3855,12.12,215
2014-04-01,4800,215658.91,44.93,1368,2286,7,0.1458,11.58,236
2014-04-02,4122,199007.81,48.28,1325,2148,4,0.097,12.95,167
2014-04-03,4379,190243.7,43.44,1329,2177,2,0.0457,12.88,244
2014-04-04,4598,198392.4,43.15,1351,2245,0,0.0,11.33,220
2014-04-05,4668,199188.3,42.67,1331,2231,46,0.9854,12.72,231
2014-04-06,4715,200414.91,42.51,1360,2299,24,0.509,12.26,230
2014-04-07,4690,201302.35,42.92,1369,2294,10,0.2132,11.71,235
2014-04-08,4703,207283.61,44.07,1340,2291,12,0.2552,11.72,227
2014-04-09,4212,191890.01,45.56,1317,2149,0,0.0,11.56,205
2014-04-10,4282,177914.68,41.55,1315,2138,0,0.0,12.33,248
2014-04-11,4660,200659.46,43.06,1360,2286,2,0.0429,11.37,230
2014-04-12,4628,194007.09,41.92,1347,2281,0,0.0,11.34,216
2014-04-13,4736,194247.2,41.02,1361,2284,0,0.0,11.38,247
2014-04-14,4599,197088.88,42.85,1357,2294,0,0.0,11.87,210
2014-04-15,4718,210416.56,44.6,1349,2273,0,0.0,11.74,221
2014-04-16,4146,187428.35,45.21,1321,2146,0,0.0,12.49,179
2014-04-17,4327,196693.24,45.46,1323,2148,0,0.0,12.73,230
2014-04-18,4683,190242.66,40.62,1356,2262,0,0.0,11.96,232
2014-04-19,4534,191556.95,42.25,1340,2263,0,0.0,12.06,201
2014-04-20,4637,196862.64,42.45,1356,2276,0,0.0,11.65,201
2014-04-21,4642,192032.75,41.37,1366,2265,0,0.0,11.87,223
2014-04-22,4633,209459.67,45.21,1356,2271,0,0.0,11.44,234
2014-04-23,4289,190801.82,44.49,1329,2196,0,0.0,12.89,191
2014-04-24,4314,192267.91,44.57,1341,2176,0,0.0,12.15,229
2014-04-25,4662,197140.24,42.29,1346,2274,0,0.0,12.1,220
2014-04-26,4758,196245.81,41.25,1361,2280,0,0.0,12.44,247
2014-04-27,4764,201462.19,42.29,1355,2297,0,0.0,11.88,225
2014-04-28,4654,196310.66,42.18,1352,2263,0,0.0,11.71,236
2014-04-29,4806,215710.05,44.88,1344,2299,0,0.0,12.17,232
2014-04-30,4159,195947.34,47.11,1339,2140,0,0.0,11.37,190
2014-05-01,4264,184260.95,43.21,1320,2191,0,0.0,12.5,228
2014-05-02,4632,195123.36,42.13,1348,2255,0,0.0,11.7,231
2014-05-03,4679,194705.06,41.61,1364,2314,0,0.0,11.78,226
2014-05-04,4610,196575.42,42.64,1364,2281,0,0.0,11.48,220
2014-05-05,4680,207455.61,44.33,1366,2312,0,0.0,11.79,225
2014-05-06,4701,202157.17,43.0,1369,2257,0,0.0,11.68,227
2014-05-07,4062,181933.58,44.79,1313,2144,0,0.0,12.51,162
2014-05-08,4403,196630.7,44.66,1342,2184,0,0.0,12.42,246
2014-05-09,4619,200040.93,43.31,1357,2269,0,0.0,12.08,219
2014-05-10,4645,189547.61,40.81,1363,2282,0,0.0,11.82,230
2014-05-11,4670,196959.16,42.18,1371,2320,0,0.0,11.73,204
2014-05-12,4731,195390.95,41.3,1367,2309,0,0.0,12.39,249
2014-05-13,4777,224521.62,47.0,1358,2294,0,0.0,11.18,227
2014-05-14,4095,190660.66,46.56,1316,2161,0,0.0,12.53,171
2014-05-15,4319,175915.51,40.73,1330,2170,0,0.0,12.18,244
2014-05-16,4632,188175.06,40.63,1357,2281,0,0.0,11.7,210
2014-05-17,4607,188880.12,41.0,1332,2233,0,0.0,11.09,225
2014-05-18,4770,202563.89,42.47,1369,2289,0,0.0,12.39,221
2014-05-19,4638,195799.28,42.22,1359,2273,0,0.0,12.33,220
2014-05-20,4735,210371.87,44.43,1361,2291,0,0.0,11.76,220
2014-05-21,4256,188562.35,44.31,1334,2164,0,0.0,11.82,196
2014-05-22,4246,187003.34,44.04,1329,2152,0,0.0,11.75,245
2014-05-23,4662,189942.72,40.74,1358,2293,0,0.0,11.88,229
2014-05-24,4614,195551.15,42.38,1352,2257,0,0.0,11.6,206
2014-05-25,4743,201366.75,42.46,1356,2278,0,0.0,11.2,237
2014-05-26,4734,197021.3,41.62,1359,2291,0,0.0,11.81,253
2014-05-27,4620,203750.15,44.1,1357,2284,0,0.0,12.19,224
2014-05-28,4366,209035.62,47.88,1340,2218,0,0.0,11.77,206
2014-05-29,4202,180619.73,42.98,1306,2109,0,0.0,12.73,234
2014-05-30,4675,175127.43,37.46,1341,2301,0,0.0,14.76,215
2014-05-31,4634,193427.19,41.74,1352,2245,0,0.0,12.45,225
2014-06-01,4584,198183.51,43.23,1347,2244,0,0.0,12.76,214
2014-06-02,4724,201371.28,42.63,1366,2330,0,0.0,12.19,224
2014-06-03,4779,222908.94,46.64,1363,2299,0,0.0,11.63,227
2014-06-04,4240,200531.61,47.3,1326,2161,0,0.0,12.17,198
2014-06-05,4267,179271.17,42.01,1315,2184,0,0.0,12.75,235
2014-06-06,4682,193439.69,41.32,1356,2288,0,0.0,11.98,219
2014-06-07,4667,198069.49,42.44,1369,2258,0,0.0,11.03,230
2014-06-08,4665,203174.12,43.55,1360,2297,0,0.0,11.96,209
2014-06-09,4748,195862.22,41.25,1369,2293,0,0.0,11.63,230
2014-06-10,4763,220367.37,46.27,1368,2330,0,0.0,11.02,216
2014-06-11,4154,190321.0,45.82,1338,2177,0,0.0,11.7,189
2014-06-12,4280,189801.98,44.35,1332,2138,0,0.0,12.29,223
2014-06-13,4722,195920.23,41.49,1353,2309,0,0.0,12.3,219
2014-06-14,4559,188668.23,41.38,1345,2237,0,0.0,12.06,212
2014-06-15,4672,199792.42,42.76,1351,2275,0,0.0,12.54,223
2014-06-16,4891,203705.67,41.65,1373,2313,0,0.0,11.57,247
2014-06-17,4659,215614.84,46.28,1356,2318,0,0.0,11.98,203
2014-06-18,4150,180851.62,43.58,1331,2165,0,0.0,12.7,173
2014-06-19,4369,187203.52,42.85,1338,2226,0,0.0,12.66,244
2014-06-20,4704,195644.47,41.59,1352,2278,0,0.0,12.59,219
2014-06-21,4689,200025.26,42.66,1344,2239,0,0.0,12.01,221
2014-06-22,4672,191521.77,40.99,1359,2271,0,0.0,11.84,240
2014-06-23,4779,204833.17,42.86,1372,2319,0,0.0,12.32,239
2014-06-24,4783,226338.37,47.32,1356,2314,0,0.0,12.02,215
2014-06-25,4155,197834.9,47.61,1311,2135,0,0.0,12.39,187
2014-06-26,4442,184033.62,41.43,1333,2185,0,0.0,11.98,285
2014-06-27,4758,207272.16,43.56,1368,2313,0,0.0,11.41,214
2014-06-28,4694,198462.41,42.28,1349,2258,0,0.0,12.1,234
2014-06-29,4715,195485.76,41.46,1361,2305,0,0.0,12.07,222
2014-06-30,4682,189372.28,40.45,1355,2283,0,0.0,11.7,233
2014-07-01,4729,214202.07,45.3,1352,2323,0,0.0,12.31,223
2014-07-02,4175,190485.78,45.63,1314,2128,0,0.0,12.86,177
2014-07-03,4430,191167.4,43.15,1344,2233,0,0.0,12.17,257
2014-07-04,4737,180431.08,38.09,1331,2290,0,0.0,14.31,217
2014-07-05,4752,199929.31,42.07,1367,2312,0,0.0,12.25,233
2014-07-06,4594,204489.11,44.51,1361,2277,0,0.0,12.65,206
2014-07-07,4753,199492.51,41.97,1350,2292,0,0.0,11.76,218
2014-07-08,4774,207455.81,43.46,1370,2305,0,0.0,12.02,230
2014-07-09,4243,204572.48,48.21,1350,2193,0,0.0,13.32,167
2014-07-10,4260,183679.75,43.12,1339,2185,0,0.0,12.61,221
2014-07-11,4665,195472.39,41.9,1343,2288,0,0.0,11.77,224
2014-07-12,4543,188063.08,41.4,1353,2273,0,0.0,11.47,217
2014-07-13,4687,189468.45,40.42,1354,2236,0,0.0,11.48,255
2014-07-14,4606,188575.93,40.94,1360,2283,0,0.0,11.53,209
2014-07-15,4729,205669.39,43.49,1357,2273,0,0.0,11.61,230
2014-07-16,4218,193796.94,45.95,1355,2235,0,0.0,11.55,185
2014-07-17,4223,175949.14,41.66,1335,2132,0,0.0,12.48,247
2014-07-18,4657,198169.25,42.55,1371,2311,0,0.0,12.07,234
2014-07-19,4798,203655.64,42.45,1355,2287,0,0.0,12.21,233
2014-07-20,4739,191981.98,40.51,1361,2282,0,0.0,12.05,242
2014-07-21,4728,195328.73,41.31,1353,2274,0,0.0,11.51,245
2014-07-22,4745,208464.73,43.93,1362,2314,0,0.0,11.59,226
2014-07-23,4229,195193.16,46.16,1311,2171,0,0.0,12.93,162
2014-07-24,4361,201264.62,46.15,1336,2215,0,0.0,13.12,238
2014-07-25,4666,194449.54,41.67,1350,2258,0,0.0,11.89,224
2014-07-26,4690,193322.33,41.22,1355,2245,0,0.0,11.34,245
2014-07-27,4831,199232.97,41.24,1369,2300,0,0.0,12.48,246
2014-07-28,4753,203118.88,42.73,1354,2235,0,0.0,12.48,230
2014-07-29,4769,220167.81,46.17,1364,2318,0,0.0,12.04,207
2014-07-30,4146,185798.84,44.81,1323,2142,0,0.0,12.57,180
2014-07-31,4234,181175.82,42.79,1334,2185,0,0.0,12.16,222
2014-08-01,4563,204414.58,44.8,1353,2225,0,0.0,11.99,209
2014-08-02,4559,190782.53,41.85,1351,2275,0,0.0,12.11,211
2014-08-03,4786,202936.98,42.4,1346,2324,0,0.0,10.7,259
2014-08-04,4706,198290.07,42.14,1367,2341,0,0.0,11.6,223
2014-08-05,4768,209597.87,43.96,1378,2320,0,0.0,11.72,236
2014-08-06,4191,203864.67,48.64,1306,2146,0,0.0,13.48,191
2014-08-07,4263,174867.45,41.02,1345,2190,0,0.0,12.53,247
2014-08-08,4791,191961.82,40.07,1372,2299,0,0.0,11.86,231
2014-08-09,4722,207018.06,43.84,1355,2267,0,0.0,11.82,229
2014-08-10,4722,204698.16,43.35,1341,2321,0,0.0,11.82,233
2014-08-11,4752,191011.82,40.2,1365,2314,0,0.0,11.51,263
2014-08-12,4879,213223.55,43.7,1365,2318,0,0.0,11.44,253
2014-08-13,4220,199715.69,47.33,1314,2137,0,0.0,11.78,193
2014-08-14,4407,192649.16,43.71,1333,2199,0,0.0,12.98,260
2014-08-15,4651,200943.08,43.2,1350,2257,0,0.0,12.32,225
2014-08-16,4619,197521.86,42.76,1341,2281,0,0.0,12.23,230
2014-08-17,4772,203516.52,42.65,1356,2282,0,0.0,11.69,245
2014-08-18,4795,202108.99,42.15,1350,2282,0,0.0,12.33,235
2014-08-19,4737,207097.66,43.72,1356,2303,0,0.0,11.51,244
2014-08-20,4307,208400.07,48.39,1355,2191,0,0.0,12.68,183
2014-08-21,4312,184866.9,42.87,1343,2162,0,0.0,12.55,219
2014-08-22,4728,200816.26,42.47,1360,2304,0,0.0,11.72,229
2014-08-23,4849,206050.19,42.49,1365,2288,0,0.0,11.65,237
2014-08-24,4719,200478.82,42.48,1359,2292,0,0.0,11.63,229
2014-08-25,4734,202645.56,42.81,1363,2318,0,0.0,12.27,230
2014-08-26,4785,212647.43,44.44,1358,2331,0,0.0,11.87,235
2014-08-27,4274,201269.15,47.09,1350,2207,0,0.0,12.85,175
2014-08-28,4332,187823.74,43.36,1331,2166,0,0.0,12.65,258
2014-08-29,4688,201111.38,42.9,1348,2247,0,0.0,12.22,219
2014-08-30,4484,194022.69,43.27,1364,2266,0,0.0,11.71,218
2014-08-31,4714,200009.9,42.43,1361,2290,0,0.0,11.62,231
2014-09-01,4851,199903.16,41.21,1374,2319,0,0.0,12.04,254
2014-09-02,4845,204388.08,42.19,1365,2321,0,0.0,11.62,252
2014-09-03,4184,195150.54,46.64,1343,2202,0,0.0,12.55,177
2014-09-04,4323,182836.95,42.29,1325,2183,0,0.0,12.33,250
2014-09-05,4765,173825.16,36.48,1358,2309,0,0.0,13.1,201
2014-09-06,4714,197013.7,41.79,1366,2280,0,0.0,11.58,249
2014-09-07,4677,195583.08,41.82,1364,2308,0,0.0,12.21,221
2014-09-08,4702,192573.46,40.96,1362,2320,0,0.0,11.89,252
2014-09-09,4835,216645.02,44.81,1364,2339,0,0.0,12.2,232
2014-09-10,4053,184610.65,45.55,1312,2142,0,0.0,12.83,164
2014-09-11,4247,191598.1,45.11,1326,2181,0,0.0,12.06,222
2014-09-12,4639,201269.13,43.39,1351,2305,0,0.0,11.51,224
2014-09-13,4771,195373.6,40.95,1363,2264,0,0.0,12.14,249
2014-09-14,4655,190658.1,40.96,1346,2267,0,0.0,11.43,217
2014-09-15,4750,199360.94,41.97,1360,2284,0,0.0,12.44,251
2014-09-16,4753,196697.22,41.38,1377,2329,0,0.0,11.47,233
2014-09-17,4284,193526.49,45.17,1337,2181,0,0.0,12.79,189
2014-09-18,4304,181701.62,42.22,1341,2179,0,0.0,12.34,233
2014-09-19,4659,187903.3,40.33,1372,2291,0,0.0,11.93,228
2014-09-20,4710,190633.22,40.47,1366,2277,0,0.0,11.15,227
2014-09-21,4601,185091.38,40.23,1342,2330,0,0.0,12.11,217
2014-09-22,4639,193399.52,41.69,1356,2287,0,0.0,11.88,218
2014-09-23,4701,212479.44,45.2,1377,2305,0,0.0,11.91,232
2014-09-24,4371,200571.36,45.89,1353,2253,0,0.0,11.6,204
2014-09-25,4337,194846.92,44.93,1340,2197,0,0.0,12.54,225
2014-09-26,4716,197009.9,41.77,1370,2333,0,0.0,11.73,231
2014-09-27,4756,202858.31,42.65,1363,2302,0,0.0,11.82,235
2014-09-28,4711,201960.02,42.87,1361,2277,0,0.0,11.46,230
2014-09-29,4704,196651.79,41.81,1370,2318,0,0.0,11.33,224
2014-09-30,4889,231537.53,47.36,1357,2309,0,0.0,11.21,266
2014-10-01,4230,203352.07,48.07,1333,2166,0,0.0,12.79,192
2014-10-02,4344,188707.96,43.44,1341,2213,0,0.0,13.19,236
2014-10-03,4728,193885.31,41.01,1361,2316,0,0.0,11.1,229
2014-10-04,4734,199285.6,42.1,1370,2286,0,0.0,12.1,232
2014-10-05,4787,203259.62,42.46,1369,2343,0,0.0,11.59,229
2014-10-06,4670,195301.08,41.82,1352,2293,0,0.0,11.91,233
2014-10-07,4786,217312.88,45.41,1374,2318,0,0.0,11.89,228
2014-10-08,4248,199778.21,47.03,1337,2190,0,0.0,12.95,180
2014-10-09,4394,189687.28,43.17,1357,2238,0,0.0,11.54,259
2014-10-10,4637,193195.33,41.66,1360,2299,0,0.0,11.97,223
2014-10-11,4787,200555.81,41.9,1355,2324,0,0.0,11.16,247
2014-10-12,4700,200179.29,42.59,1356,2278,0,0.0,11.4,231
2014-10-13,4792,200470.09,41.83,1365,2298,0,0.0,12.12,221
2014-10-14,4770,203956.95,42.76,1370,2296,0,0.0,11.53,249
2014-10-15,4250,195662.2,46.04,1334,2190,0,0.0,12.28,189
2014-10-16,4351,195069.24,44.83,1333,2182,0,0.0,11.97,232
2014-10-17,4572,192658.31,42.14,1367,2285,0,0.0,12.71,205
2014-10-18,4671,201151.01,43.06,1338,2271,0,0.0,11.18,225
2014-10-19,4681,192380.04,41.1,1359,2294,0,0.0,12.37,221
2014-10-20,4594,197416.04,42.97,1350,2269,0,0.0,12.12,206
2014-10-21,4732,211644.78,44.73,1356,2302,0,0.0,11.77,220
2014-10-22,4196,203735.3,48.55,1333,2181,0,0.0,11.25,168
2014-10-23,4259,185255.91,43.5,1344,2190,0,0.0,11.67,224
2014-10-24,4842,206184.61,42.58,1386,2359,0,0.0,11.92,213
2014-10-25,4658,189425.9,40.67,1369,2294,0,0.0,11.83,241
2014-10-26,4696,189482.67,40.35,1365,2294,0,0.0,11.97,235
2014-10-27,4673,207597.08,44.42,1366,2290,0,0.0,12.43,216
2014-10-28,4660,205633.54,44.13,1351,2297,0,0.0,11.24,237
2014-10-29,4126,194461.88,47.13,1325,2138,0,0.0,12.36,174
2014-10-30,4114,184222.56,44.78,1321,2159,0,0.0,13.17,212
2014-10-31,4682,197294.38,42.14,1378,2336,0,0.0,11.41,219
2014-11-01,4586,201235.63,43.88,1354,2247,0,0.0,12.47,218
2014-11-02,4654,191908.11,41.24,1349,2258,0,0.0,11.95,239
2014-11-03,4574,192182.72,42.02,1344,2257,0,0.0,11.92,211
2014-11-04,4731,213340.02,45.09,1374,2300,0,0.0,11.16,233
2014-11-05,4146,189187.47,45.63,1329,2157,0,0.0,12.64,170
2014-11-06,4426,193562.49,43.73,1338,2207,0,0.0,12.25,256
2014-11-07,4640,195215.7,42.07,1368,2299,0,0.0,11.9,213
2014-11-08,4684,198225.13,42.32,1358,2281,0,0.0,11.4,233
2014-11-09,4768,203740.99,42.73,1358,2323,0,0.0,11.66,222
2014-11-10,4825,201942.88,41.85,1378,2302,0,0.0,11.25,250
2014-11-11,4850,225232.98,46.44,1369,2342,0,0.0,11.71,242
2014-11-12,4196,200413.64,47.76,1329,2177,0,0.0,12.77,164
2014-11-13,4429,197899.22,44.68,1346,2243,0,0.0,12.6,265
2014-11-14,4682,193718.26,41.38,1353,2288,0,0.0,12.69,216
2014-11-15,4723,198773.27,42.09,1366,2325,0,0.0,11.48,225
2014-11-16,4759,198254.83,41.66,1359,2311,0,0.0,12.21,217
2014-11-17,4725,209233.76,44.28,1380,2333,0,0.0,11.56,231
2014-11-18,4868,213575.05,43.87,1387,2379,0,0.0,12.02,243
2014-11-19,4236,195991.43,46.27,1341,2174,0,0.0,12.23,163
2014-11-20,4371,186344.79,42.63,1328,2193,0,0.0,12.29,273
2014-11-21,4739,197763.79,41.73,1374,2338,0,0.0,12.03,213
2014-11-22,4755,197717.0,41.58,1357,2294,0,0.0,12.32,223
2014-11-23,4706,196167.77,41.68,1354,2286,0,0.0,11.94,224
2014-11-24,4743,184449.29,38.89,1359,2319,0,0.0,14.08,199
2014-11-25,4830,210508.55,43.58,1365,2322,0,0.0,11.14,229
2014-11-26,4182,187123.25,44.74,1336,2212,0,0.0,12.63,182
2014-11-27,4388,187772.36,42.79,1332,2179,0,0.0,12.94,267
2014-11-28,4696,193475.81,41.2,1367,2313,0,0.0,11.67,210
2014-11-29,4794,198905.42,41.49,1379,2335,0,0.0,11.26,227
2014-11-30,4582,189036.41,41.26,1355,2260,0,0.0,11.7,211
2014-12-01,4772,197942.3,41.48,1377,2316,0,0.0,11.06,240
2014-12-02,4798,216571.46,45.14,1364,2310,0,0.0,11.55,245
2014-12-03,4183,197005.77,47.1,1321,2173,0,0.0,12.89,167
2014-12-04,4421,194227.7,43.93,1345,2191,0,0.0,12.73,238
2014-12-05,4697,185962.82,39.59,1353,2286,0,0.0,11.54,227
2014-12-06,4709,203711.14,43.26,1380,2314,0,0.0,11.55,215
2014-12-07,4618,195495.81,42.33,1351,2242,0,0.0,11.59,216
2014-12-08,4724,201411.35,42.64,1365,2287,0,0.0,12.02,224
2014-12-09,4785,212078.8,44.32,1359,2320,0,0.0,11.68,237
2014-12-10,4101,197781.46,48.23,1341,2162,0,0.0,12.95,150
2014-12-11,4340,189580.86,43.68,1354,2212,0,0.0,12.63,262
2014-12-12,4697,195409.44,41.6,1373,2314,0,0.0,11.9,241
2014-12-13,4688,193448.05,41.26,1369,2285,0,0.0,11.95,226
2014-12-14,4825,201014.21,41.66,1370,2324,0,0.0,11.32,247
2014-12-15,4735,199434.25,42.12,1372,2270,0,0.0,11.93,239
2014-12-16,4738,213443.09,45.05,1390,2319,0,0.0,11.88,191
2014-12-17,4411,199621.2,45.26,1334,2228,0,0.0,11.65,200
2014-12-18,4357,194075.1,44.54,1330,2214,0,0.0,11.59,266
2014-12-19,4651,185982.21,39.99,1363,2287,0,0.0,11.63,226
2014-12-20,4722,192255.92,40.71,1367,2334,0,0.0,11.5,232
2014-12-21,4690,200231.48,42.69,1351,2318,0,0.0,11.26,216
2014-12-22,4820,201952.0,41.9,1391,2352,0,0.0,12.47,241
2014-12-23,4699,204100.7,43.43,1365,2317,0,0.0,11.81,212
2014-12-24,4227,195159.2,46.17,1344,2183,0,0.0,11.76,166
2014-12-25,4942,183916.06,37.21,1362,2308,0,0.0,13.94,272
2014-12-26,4855,202228.27,41.65,1365,2319,0,0.0,12.09,240
2014-12-27,4712,194254.22,41.23,1372,2308,0,0.0,11.54,202
2014-12-28,4789,192541.1,40.2,1359,2293,0,0.0,11.32,249
2014-12-29,4760,200500.09,42.12,1384,2352,0,0.0,11.47,221
2014-12-30,4711,211211.51,44.83,1363,2293,0,0.0,12.08,210
2014-12-31,4298,189383.76,44.06,1347,2192,0,0.0,12.12,174
2015-01-01,4959,173788.79,35.05,1361,2301,0,0.0,14.26,289
2015-01-02,4166,194279.97,46.63,1333,2159,0,0.0,12.41,157
2015-01-03,4674,202196.29,43.26,1354,2283,0,0.0,12.32,204
2015-01-04,4782,192801.28,40.32,1386,2346,0,0.0,12.11,230
2015-01-05,4685,199444.94,42.57,1369,2318,0,0.0,11.89,220
2015-01-06,4800,203271.06,42.35,1369,2320,0,0.0,11.35,228
2015-01-07,4724,202588.26,42.88,1359,2278,0,0.0,12.28,225
2015-01-08,4393,203327.39,46.28,1358,2220,0,0.0,12.16,191
2015-01-09,4346,195426.25,44.97,1333,2194,0,0.0,12.56,227
2015-01-10,4761,196562.84,41.29,1358,2339,0,0.0,12.08,228
2015-01-11,4740,194040.75,40.94,1369,2286,0,0.0,12.05,235
2015-01-12,4729,198207.38,41.91,1365,2286,0,0.0,12.52,246
2015-01-13,4683,206378.02,44.07,1360,2260,0,0.0,12.17,216
2015-01-14,4794,219138.23,45.71,1373,2300,0,0.0,12.16,199
2015-01-15,4386,198505.16,45.26,1343,2220,0,0.0,11.47,203
2015-01-16,4504,187955.03,41.73,1345,2201,0,0.0,12.72,267
2015-01-17,4813,190683.41,39.62,1370,2353,0,0.0,15.27,194
2015-01-18,4682,184484.33,39.4,1374,2270,0,0.0,11.09,238
2015-01-19,4807,194446.03,40.45,1373,2340,0,0.0,12.04,251
2015-01-20,4625,193078.44,41.75,1363,2273,0,0.0,12.63,219
2015-01-21,4753,217818.45,45.83,1372,2310,0,0.0,11.51,242
2015-01-22,4173,199167.21,47.73,1322,2182,0,0.0,14.23,175
2015-01-23,4452,188485.37,42.34,1357,2231,0,0.0,12.51,267
2015-01-24,4661,193077.76,41.42,1364,2293,0,0.0,11.8,228
2015-01-25,4576,196310.62,42.9,1337,2280,0,0.0,12.46,201
2015-01-26,4690,199088.42,42.45,1362,2263,0,0.0,12.07,235
2015-01-27,4630,197776.57,42.72,1372,2314,0,0.0,12.57,203
2015-01-28,4728,208334.79,44.06,1365,2310,0,0.0,12.01,214
2015-01-29,4214,193717.41,45.97,1338,2170,0,0.0,13.17,165
2015-01-30,4316,185259.97,42.92,1330,2196,0,0.0,12.49,237
2015-01-31,4756,193737.26,40.74,1374,2326,0,0.0,12.28,219
2015-02-01,4772,194054.05,40.67,1365,2282,0,0.0,11.74,235
2015-02-02,4695,198469.13,42.27,1372,2295,0,0.0,12.37,218
2015-02-03,4721,205358.32,43.5,1376,2317,0,0.0,12.65,224
2015-02-04,4701,204919.37,43.59,1356,2276,0,0.0,12.36,202
2015-02-05,4234,203668.43,48.1,1336,2187,0,0.0,11.86,176
2015-02-06,4308,200766.8,46.6,1338,2211,0,0.0,12.3,215
2015-02-07,4661,205672.95,44.13,1373,2324,0,0.0,12.06,201
2015-02-08,4711,204017.02,43.31,1363,2274,0,0.0,12.57,216
2015-02-09,4734,206048.17,43.53,1374,2307,0,0.0,11.72,217
2015-02-10,4869,193762.78,39.8,1377,2355,0,0.0,12.01,252
2015-02-11,4822,216135.62,44.82,1389,2382,0,0.0,12.21,221
2015-02-12,4315,199167.01,46.16,1345,2181,0,0.0,12.1,195
2015-02-13,4423,185839.45,42.02,1364,2211,0,0.0,12.16,252
2015-02-14,4656,195290.21,41.94,1369,2264,0,0.0,12.74,225
2015-02-15,4689,194775.07,41.54,1365,2299,0,0.0,11.9,226
2015-02-16,4716,202492.22,42.94,1360,2303,0,0.0,12.17,237
2015-02-17,4684,201193.42,42.95,1368,2295,0,0.0,12.68,230
2015-02-18,4796,216612.16,45.17,1374,2298,0,0.0,12.84,226
2015-02-19,4180,198625.06,47.52,1338,2165,0,0.0,13.23,184
2015-02-20,4410,176668.92,40.06,1320,2193,0,0.0,12.11,268
2015-02-21,4767,177836.29,37.31,1338,2279,0,0.0,13.97,197
2015-02-22,4697,202000.71,43.01,1366,2300,0,0.0,11.6,216
2015-02-23,4724,206741.73,43.76,1389,2317,0,0.0,12.21,223
2015-02-24,4768,208388.29,43.71,1370,2327,0,0.0,11.54,221
2015-02-25,4686,215250.29,45.93,1371,2333,0,0.0,11.74,204
2015-02-26,4242,196352.59,46.29,1340,2192,0,0.0,12.56,171
2015-02-27,4365,185602.66,42.52,1337,2204,0,0.0,11.11,257
2015-02-28,4763,201727.23,42.35,1368,2306,0,0.0,11.48,238
2015-03-01,4815,193587.09,40.21,1363,2328,0,0.0,11.78,250
2015-03-02,4817,208008.39,43.18,1372,2317,0,0.0,11.79,240
2015-03-03,4686,200410.06,42.77,1378,2290,0,0.0,12.55,219
2015-03-04,4821,215568.03,44.71,1377,2332,0,0.0,12.4,232
2015-03-05,4259,189997.68,44.61,1344,2217,0,0.0,12.49,189
2015-03-06,4419,182878.64,41.38,1350,2230,0,0.0,12.11,260
2015-03-07,4738,201765.24,42.58,1371,2331,0,0.0,11.23,218
2015-03-08,4718,193855.93,41.09,1358,2298,0,0.0,12.46,225
2015-03-09,4810,198275.98,41.22,1382,2314,0,0.0,12.0,232
2015-03-10,4764,208444.22,43.75,1367,2339,0,0.0,12.38,232
2015-03-11,4853,210606.76,43.4,1375,2342,0,0.0,12.26,242
2015-03-12,4199,192725.14,45.9,1344,2176,0,0.0,12.79,171
2015-03-13,4391,194748.72,44.35,1348,2211,0,0.0,12.46,269
2015-03-14,4836,200636.91,41.49,1383,2343,0,0.0,12.28,237
2015-03-15,4664,191848.92,41.13,1360,2302,0,0.0,11.88,222
2015-03-16,4709,209434.8,44.48,1368,2300,0,0.0,12.51,194
2015-03-17,4760,212421.22,44.63,1358,2309,0,0.0,12.48,240
2015-03-18,4743,217096.38,45.77,1365,2325,0,0.0,12.52,224
2015-03-19,4312,189636.58,43.98,1349,2205,0,0.0,12.69,186
2015-03-20,4427,185112.4,41.81,1354,2214,0,0.0,12.08,260
2015-03-21,4734,199827.75,42.21,1374,2345,0,0.0,12.17,216
2015-03-22,4845,198723.4,41.02,1363,2359,0,0.0,11.79,218
2015-03-23,4787,200612.95,41.91,1377,2323,0,0.0,11.55,241
2015-03-24,4822,206112.52,42.74,1382,2324,0,0.0,12.17,228
2015-03-25,4792,218025.92,45.5,1374,2324,0,0.0,12.0,215
2015-03-26,4238,203088.26,47.92,1334,2179,0,0.0,13.4,167
2015-03-27,4317,192408.64,44.57,1359,2217,0,0.0,12.88,232
2015-03-28,4797,206569.65,43.06,1364,2320,0,0.0,12.13,226
2015-03-29,4647,196118.57,42.2,1370,2277,0,0.0,11.94,231
2015-03-30,4790,208664.39,43.56,1369,2358,4,0.0835,12.53,211
2015-03-31,4787,211249.46,44.13,1372,2312,11,0.2298,12.05,244
2015-04-01,4843,220521.09,45.53,1377,2319,17,0.351,12.45,226
2015-04-02,4311,199205.79,46.21,1344,2215,0,0.0,12.43,203
2015-04-03,4382,189088.1,43.15,1349,2169,30,0.6846,12.55,247
2015-04-04,4799,200603.96,41.8,1384,2324,0,0.0,12.42,241
2015-04-05,4789,200669.49,41.9,1387,2332,20,0.4176,12.24,213
2015-04-06,4741,196657.17,41.48,1369,2330,9,0.1898,12.51,232
2015-04-07,4851,209668.1,43.22,1358,2344,16,0.3298,12.97,228
2015-04-08,4778,217668.42,45.56,1367,2342,4,0.0837,11.95,217
2015-04-09,4214,193830.37,46.0,1329,2129,0,0.0,12.53,170
2015-04-10,4412,177404.81,40.21,1347,2213,22,0.4986,13.01,263
2015-04-11,4728,198011.65,41.88,1387,2307,4,0.0846,12.75,222
2015-04-12,4739,193899.09,40.92,1372,2324,12,0.2532,11.99,210
2015-04-13,4738,197630.15,41.71,1370,2332,13,0.2744,12.49,211
2015-04-14,4879,213105.37,43.68,1383,2357,8,0.164,12.34,223
2015-04-15,4811,216231.69,44.95,1376,2296,6,0.1247,12.26,228
2015-04-16,4173,194613.15,46.64,1337,2161,0,0.0,12.82,185
2015-04-17,4287,185870.03,43.36,1349,2185,12,0.2799,12.81,230
2015-04-18,4742,193795.39,40.87,1383,2355,2,0.0422,12.4,219
2015-04-19,4721,204347.1,43.28,1389,2314,12,0.2542,11.95,226
2015-04-20,4779,203602.53,42.6,1373,2323,4,0.0837,12.05,223
2015-04-21,4741,198069.47,41.78,1372,2292,21,0.4429,12.49,218
2015-04-22,4800,207378.98,43.2,1367,2295,16,0.3333,12.33,244
2015-04-23,4281,192204.1,44.9,1330,2177,4,0.0934,13.27,202
2015-04-24,4371,201453.67,46.09,1369,2239,19,0.4347,13.09,228
2015-04-25,4717,205103.97,43.48,1359,2279,0,0.0,11.66,230
2015-04-26,4746,208907.97,44.02,1376,2312,34,0.7164,12.83,222
2015-04-27,4816,208057.16,43.2,1390,2340,27,0.5606,12.87,219
2015-04-28,4771,201427.24,42.22,1379,2302,20,0.4192,11.76,232
2015-04-29,4850,216346.22,44.61,1392,2342,15,0.3093,12.6,239
2015-04-30,4217,185765.34,44.05,1330,2198,2,0.0474,12.97,190
2015-05-01,4330,191492.87,44.22,1367,2215,19,0.4388,12.68,226
2015-05-02,4773,201361.38,42.19,1381,2309,2,0.0419,11.63,239
2015-05-03,4815,197693.39,41.06,1370,2305,15,0.3115,11.65,239
2015-05-04,4755,198719.35,41.79,1381,2287,16,0.3365,11.8,226
2015-05-05,4608,201730.26,43.78,1352,2253,13,0.2821,12.61,194
2015-05-06,4745,218204.11,45.99,1380,2322,11,0.2318,12.75,218
2015-05-07,4114,200834.73,48.82,1331,2123,2,0.0486,12.88,178
2015-05-08,4451,193317.68,43.43,1335,2223,10,0.2247,12.33,256
2015-05-09,4765,198471.56,41.65,1374,2323,0,0.0,12.24,233
2015-05-10,4683,197906.88,42.26,1383,2306,8,0.1708,12.02,215
2015-05-11,4793,200843.41,41.9,1371,2345,5,0.1043,13.04,242
2015-05-12,4757,190636.98,40.08,1354,2286,11,0.2312,12.32,248
2015-05-13,4835,212027.41,43.85,1376,2331,5,0.1034,12.39,220
2015-05-14,4280,209640.16,48.98,1355,2197,0,0.0,12.36,172
2015-05-15,4480,194307.35,43.37,1349,2232,5,0.1116,13.17,249
2015-05-16,4741,191689.65,40.43,1398,2324,0,0.0,12.49,233
2015-05-17,4816,208394.98,43.27,1368,2337,7,0.1453,12.58,222
2015-05-18,4715,201639.43,42.77,1369,2318,7,0.1485,12.2,212
2015-05-19,4751,201673.52,42.45,1367,2277,1,0.021,12.36,220
2015-05-20,4941,218279.56,44.18,1386,2350,11,0.2226,13.09,251
2015-05-21,4268,196804.23,46.11,1344,2206,0,0.0,12.16,184
2015-05-22,4385,189934.79,43.31,1350,2205,35,0.7982,13.73,247
2015-05-23,4849,210000.94,43.31,1375,2332,0,0.0,12.44,224
2015-05-24,4793,198399.43,41.39,1386,2291,29,0.605,12.46,230
2015-05-25,4786,204718.42,42.77,1370,2336,14,0.2925,12.16,223
2015-05-26,4762,204525.39,42.95,1375,2300,15,0.315,12.45,218
2015-05-27,4857,217604.5,44.8,1375,2394,19,0.3912,13.01,213
2015-05-28,4372,209637.5,47.95,1324,2187,2,0.0457,12.65,202
2015-05-29,4410,195928.98,44.43,1350,2213,16,0.3628,13.54,241
2015-05-30,4867,184120.55,37.83,1348,2309,0,0.0,14.44,230
2015-05-31,4791,200323.75,41.81,1371,2293,5,0.1044,12.15,242
2015-06-01,4811,216145.48,44.93,1385,2320,18,0.3741,12.49,230
2015-06-02,4797,199039.8,41.49,1378,2310,4,0.0834,11.78,239
2015-06-03,4867,227767.74,46.8,1389,2366,3,0.0616,11.86,233
2015-06-04,4364,200940.39,46.05,1356,2230,0,0.0,11.98,205
2015-06-05,4323,186103.97,43.05,1334,2170,18,0.4164,13.97,237
2015-06-06,4716,192653.47,40.85,1365,2294,0,0.0,12.89,219
2015-06-07,4808,205013.73,42.64,1376,2305,14,0.2912,12.42,219
2015-06-08,4891,201979.4,41.3,1408,2385,13,0.2658,12.27,235
2015-06-09,4682,195468.35,41.75,1365,2266,4,0.0854,11.6,237
2015-06-10,4736,207332.06,43.78,1377,2322,8,0.1689,11.93,243
2015-06-11,4313,204846.21,47.5,1338,2198,0,0.0,12.08,182
2015-06-12,4422,193004.09,43.65,1366,2240,5,0.1131,12.1,233
2015-06-13,4867,195196.93,40.11,1375,2346,0,0.0,12.12,265
2015-06-14,4834,196191.32,40.59,1382,2335,12,0.2482,12.74,242
2015-06-15,4695,196927.7,41.94,1370,2308,23,0.4899,12.61,230
2015-06-16,4864,215859.25,44.38,1376,2369,17,0.3495,11.78,260
2015-06-17,4873,211855.02,43.48,1389,2350,21,0.4309,11.45,244
2015-06-18,4354,214758.03,49.32,1346,2227,0,0.0,12.63,184
2015-06-19,4461,193181.69,43.3,1346,2210,13,0.2914,12.82,258
2015-06-20,4720,199823.62,42.34,1360,2302,0,0.0,12.61,235
2015-06-21,4822,199301.65,41.33,1379,2339,10,0.2074,12.38,239
2015-06-22,4673,199779.42,42.75,1386,2304,10,0.214,12.82,213
2015-06-23,4753,198302.34,41.72,1387,2319,13,0.2735,12.16,227
2015-06-24,4897,215708.79,44.05,1387,2340,19,0.388,12.17,238
2015-06-25,4338,202473.15,46.67,1351,2189,2,0.0461,12.89,203
2015-06-26,4536,188985.53,41.66,1355,2236,10,0.2205,13.34,234
2015-06-27,4750,200280.11,42.16,1374,2280,0,0.0,11.96,229
2015-06-28,4797,210529.04,43.89,1384,2334,12,0.2502,12.8,209
2015-06-29,4703,198974.94,42.31,1364,2305,13,0.2764,12.06,218
2015-06-30,4867,206551.37,42.44,1373,2337,9,0.1849,12.18,243
2015-07-01,4903,211847.81,43.21,1390,2362,5,0.102,11.91,254
2015-07-02,4342,196616.57,45.28,1338,2202,0,0.0,12.41,208
2015-07-03,4471,199839.83,44.7,1356,2268,16,0.3579,13.93,227
2015-07-04,4781,179111.97,37.46,1366,2310,0,0.0,15.21,212
2015-07-05,4768,202057.34,42.38,1370,2316,23,0.4824,12.37,239
2015-07-06,4867,199522.08,40.99,1386,2355,34,0.6986,13.17,239
2015-07-07,4895,199093.94,40.67,1383,2403,17,0.3473,12.26,266
2015-07-08,4802,214189.41,44.6,1375,2283,17,0.354,12.08,240
2015-07-09,4328,201240.75,46.5,1359,2204,2,0.0462,14.05,176
2015-07-10,4373,199124.74,45.54,1341,2222,23,0.526,13.56,234
2015-07-11,4829,200416.32,41.5,1372,2332,0,0.0,12.51,223
2015-07-12,4837,204702.08,42.32,1386,2323,33,0.6822,12.24,241
2015-07-13,4708,204709.81,43.48,1361,2272,17,0.3611,12.77,237
2015-07-14,4869,206850.97,42.48,1386,2378,8,0.1643,12.53,236
2015-07-15,4881,217072.36,44.47,1392,2353,5,0.1024,12.03,234
2015-07-16,4351,195558.29,44.95,1350,2192,0,0.0,12.41,171
2015-07-17,4371,196345.08,44.92,1342,2202,13,0.2974,13.29,238
2015-07-18,4867,206812.3,42.49,1391,2358,2,0.0411,11.61,224
2015-07-19,4882,212655.14,43.56,1377,2344,28,0.5735,12.8,242
2015-07-20,4838,202886.98,41.94,1389,2336,16,0.3307,12.22,234
2015-07-21,4808,203025.73,42.23,1373,2369,14,0.2912,11.88,239
2015-07-22,4807,215029.68,44.73,1372,2363,21,0.4369,12.5,221
2015-07-23,4214,193949.53,46.03,1358,2195,2,0.0475,12.67,163
2015-07-24,4457,192533.31,43.2,1337,2182,27,0.6058,12.65,272
2015-07-25,4846,195445.71,40.33,1385,2337,0,0.0,12.46,249
2015-07-26,4823,204577.88,42.42,1377,2330,17,0.3525,12.36,247
2015-07-27,4804,199557.99,41.54,1369,2327,12,0.2498,12.59,225
2015-07-28,4796,201103.74,41.93,1364,2315,12,0.2502,11.45,243
2015-07-29,4829,204706.1,42.39,1373,2318,15,0.3106,12.51,224
2015-07-30,4381,189720.0,43.31,1353,2225,2,0.0457,12.49,194
2015-07-31,4461,197932.37,44.37,1349,2226,35,0.7846,12.62,244
2015-08-01,4711,196728.09,41.76,1382,2301,0,0.0,11.78,243
2015-08-02,4821,201795.51,41.86,1372,2268,22,0.4563,11.74,239
2015-08-03,4816,201211.27,41.78,1374,2358,11,0.2284,12.33,229
2015-08-04,4832,202675.88,41.94,1375,2320,22,0.4553,12.56,241
2015-08-05,4824,219928.88,45.59,1381,2299,14,0.2902,12.27,245
2015-08-06,4163,184907.76,44.42,1323,2156,2,0.048,14.1,193
2015-08-07,4383,178703.82,40.77,1337,2172,10,0.2282,12.39,270
2015-08-08,4797,197878.7,41.25,1364,2334,0,0.0,11.84,233
2015-08-09,4681,206487.4,44.11,1360,2267,36,0.7691,13.29,214
2015-08-10,4794,203475.61,42.44,1367,2300,20,0.4172,12.49,252
2015-08-11,4724,193488.99,40.96,1371,2289,18,0.381,12.96,231
2015-08-12,4795,214418.18,44.72,1376,2343,13,0.2711,11.7,218
2015-08-13,4337,205951.4,47.49,1348,2212,0,0.0,13.03,199
2015-08-14,4211,184876.32,43.9,1343,2172,18,0.4275,12.78,211
2015-08-15,4740,190612.43,40.21,1358,2310,4,0.0844,12.38,248
2015-08-16,4864,200388.18,41.2,1388,2324,19,0.3906,13.3,224
2015-08-17,4736,203351.13,42.94,1375,2311,15,0.3167,12.75,212
2015-08-18,4821,202909.72,42.09,1383,2329,20,0.4149,13.19,235
2015-08-19,4909,215250.46,43.85,1393,2321,8,0.163,12.32,228
2015-08-20,4321,197728.79,45.76,1376,2220,0,0.0,13.15,197
2015-08-21,4562,195055.6,42.76,1362,2263,11,0.2411,13.28,289
2015-08-22,4763,199329.39,41.85,1366,2322,2,0.042,11.76,220
2015-08-23,4764,195146.18,40.96,1358,2281,28,0.5877,12.47,219
2015-08-24,4793,195103.45,40.71,1387,2363,6,0.1252,12.69,236
2015-08-25,4807,202483.6,42.12,1383,2313,3,0.0624,13.46,232
2015-08-26,4840,211888.72,43.78,1400,2344,5,0.1033,11.76,214
2015-08-27,4221,196720.81,46.61,1344,2191,4,0.0948,12.72,175
2015-08-28,4517,194249.75,43.0,1339,2208,11,0.2435,11.95,270
2015-08-29,4869,203296.27,41.75,1384,2350,2,0.0411,11.95,236
2015-08-30,4766,193298.7,40.56,1385,2331,19,0.3987,12.38,227
2015-08-31,4811,204096.36,42.42,1385,2346,15,0.3118,12.37,231
2015-09-01,4685,201913.45,43.1,1377,2287,7,0.1494,12.57,227
2015-09-02,4798,212367.68,44.26,1381,2317,17,0.3543,11.94,214
2015-09-03,4157,187687.79,45.15,1354,2178,0,0.0,12.15,162
2015-09-04,4402,194042.81,44.08,1365,2246,0,0.0,11.99,229
2015-09-05,4823,178888.17,37.09,1372,2333,0,0.0,14.66,218
2015-09-06,4812,203115.62,42.21,1395,2333,6,0.1247,11.99,238
2015-09-07,4870,208909.96,42.9,1375,2340,16,0.3285,12.05,232
2015-09-08,4768,197988.18,41.52,1368,2277,5,0.1049,12.27,228
2015-09-09,4785,213950.81,44.71,1377,2283,8,0.1672,12.46,234
2015-09-10,4347,198901.43,45.76,1357,2187,0,0.0,12.4,186
2015-09-11,4272,177534.01,41.56,1334,2170,11,0.2575,12.83,242
2015-09-12,4711,206705.85,43.88,1384,2332,0,0.0,12.21,211
2015-09-13,4788,199849.7,41.74,1388,2316,21,0.4386,12.47,227
2015-09-14,4823,203906.38,42.28,1390,2346,11,0.2281,12.48,235
2015-09-15,4767,197942.83,41.52,1368,2301,12,0.2517,12.61,241
2015-09-16,4859,210510.45,43.32,1376,2317,10,0.2058,13.03,244
2015-09-17,4298,198448.16,46.17,1354,2211,0,0.0,13.12,184
2015-09-18,4362,190146.04,43.59,1352,2220,26,0.5961,13.32,234
2015-09-19,4744,202545.59,42.7,1380,2333,2,0.0422,12.25,211
2015-09-20,4980,212765.28,42.72,1380,2344,30,0.6024,12.69,248
2015-09-21,4825,205835.49,42.66,1373,2327,23,0.4767,12.44,235
2015-09-22,4807,204535.1,42.55,1383,2325,9,0.1872,11.65,226
2015-09-23,4865,219542.03,45.13,1376,2334,7,0.1439,12.17,255
2015-09-24,4156,188315.56,45.31,1342,2151,0,0.0,12.95,184
2015-09-25,4426,184790.78,41.75,1374,2251,9,0.2033,12.79,241
2015-09-26,4823,204832.5,42.47,1385,2337,2,0.0415,12.38,222
2015-09-27,4880,203143.65,41.63,1375,2341,17,0.3484,12.6,247
2015-09-28,4734,212961.13,44.99,1377,2324,15,0.3169,12.55,225
2015-09-29,4700,200841.18,42.73,1381,2313,8,0.1702,12.09,211
2015-09-30,4847,216846.12,44.74,1386,2341,5,0.1032,11.9,249
2015-10-01,4323,205072.44,47.44,1358,2202,0,0.0,12.77,173
2015-10-02,4391,190810.53,43.45,1358,2248,7,0.1594,12.48,229
2015-10-03,4709,194140.45,41.23,1374,2308,0,0.0,11.98,230
2015-10-04,4772,199380.07,41.78,1386,2316,24,0.5029,12.72,229
2015-10-05,4890,204681.34,41.86,1389,2348,14,0.2863,11.49,249
2015-10-06,4743,204030.58,43.02,1367,2260,9,0.1898,12.12,226
2015-10-07,4861,208011.6,42.79,1394,2378,8,0.1646,12.3,249
2015-10-08,4312,198772.21,46.1,1360,2216,0,0.0,13.47,177
2015-10-09,4369,179393.27,41.06,1357,2233,9,0.206,11.83,235
2015-10-10,4859,201590.64,41.49,1383,2385,2,0.0412,12.31,246
2015-10-11,4780,202455.97,42.35,1385,2327,15,0.3138,12.26,214
2015-10-12,4814,195281.8,40.57,1368,2303,24,0.4985,12.65,238
2015-10-13,4774,203359.64,42.6,1364,2332,9,0.1885,12.17,240
2015-10-14,4887,223987.18,45.83,1371,2378,23,0.4706,11.79,216
2015-10-15,4308,192913.61,44.78,1348,2222,2,0.0464,12.37,188
2015-10-16,4487,186083.95,41.47,1363,2244,12,0.2674,12.19,264
2015-10-17,4738,191917.0,40.51,1371,2277,0,0.0,12.56,223
2015-10-18,4702,200605.8,42.66,1386,2308,16,0.3403,12.89,204
2015-10-19,4762,191104.21,40.13,1391,2318,10,0.21,11.93,221
2015-10-20,4776,212016.59,44.39,1366,2306,12,0.2513,12.25,232
2015-10-21,4868,213618.13,43.88,1382,2343,18,0.3698,12.92,246
2015-10-22,4296,193266.12,44.99,1362,2222,0,0.0,12.62,189
2015-10-23,4391,195032.69,44.42,1370,2220,18,0.4099,11.8,229
2015-10-24,4696,195734.13,41.68,1371,2296,2,0.0426,11.82,210
2015-10-25,4874,211622.13,43.42,1364,2367,16,0.3283,12.19,232
2015-10-26,4717,208950.84,44.3,1380,2308,18,0.3816,12.44,234
2015-10-27,4817,208109.23,43.2,1380,2357,17,0.3529,12.77,223
2015-10-28,4829,211410.82,43.78,1382,2335,17,0.352,12.74,236
2015-10-29,4301,196468.86,45.68,1342,2173,0,0.0,12.51,195
2015-10-30,4300,184142.52,42.82,1342,2182,13,0.3023,12.19,230
2015-10-31,4758,198163.77,41.65,1390,2334,2,0.042,12.84,217
2015-11-01,4876,200297.66,41.08,1377,2335,15,0.3076,12.33,249
2015-11-02,4781,199806.07,41.79,1386,2327,12,0.251,13.05,223
2015-11-03,4744,203347.27,42.86,1373,2320,9,0.1897,11.38,221
2015-11-04,4722,206559.33,43.74,1368,2288,0,0.0,11.94,223
2015-11-05,4257,206660.55,48.55,1349,2204,2,0.047,12.94,175
2015-11-06,4394,177162.1,40.32,1333,2176,10,0.2276,12.7,248
2015-11-07,4783,196997.38,41.19,1370,2318,0,0.0,11.94,229
2015-11-08,4863,203764.04,41.9,1383,2343,12,0.2468,13.08,235
2015-11-09,4796,191582.37,39.95,1365,2309,7,0.146,12.47,240
2015-11-10,4835,200167.79,41.4,1378,2328,13,0.2689,11.83,275
2015-11-11,4803,210088.17,43.74,1373,2302,1,0.0208,11.35,232
2015-11-12,4200,192621.12,45.86,1361,2196,2,0.0476,12.88,151
2015-11-13,4315,180042.56,41.72,1337,2154,2,0.0463,12.89,242
2015-11-14,4736,192019.48,40.54,1378,2302,0,0.0,12.48,238
2015-11-15,4765,205966.31,43.22,1383,2341,33,0.6925,12.78,217
2015-11-16,4802,205869.55,42.87,1370,2280,26,0.5414,12.95,234
2015-11-17,4931,201734.38,40.91,1378,2413,19,0.3853,12.09,234
2015-11-18,4895,212738.06,43.46,1374,2313,25,0.5107,12.22,250
2015-11-19,4215,196356.97,46.59,1354,2225,4,0.0949,13.67,183
2015-11-20,4416,188959.9,42.79,1357,2230,21,0.4755,12.93,241
2015-11-21,4818,199642.39,41.44,1379,2343,0,0.0,11.98,241
2015-11-22,4752,190469.46,40.08,1373,2327,18,0.3788,12.06,232
2015-11-23,4914,209574.92,42.65,1400,2385,26,0.5291,13.02,228
2015-11-24,4813,178713.87,37.13,1369,2321,10,0.2078,14.79,225
2015-11-25,4868,213458.51,43.85,1388,2361,9,0.1849,12.18,223
2015-11-26,4285,199826.07,46.63,1359,2214,0,0.0,12.23,165
2015-11-27,4424,190578.15,43.08,1364,2233,37,0.8363,12.7,243
2015-11-28,4910,197946.92,40.32,1382,2343,2,0.0407,11.81,255
2015-11-29,4712,189932.66,40.31,1381,2291,15,0.3183,12.44,201
2015-11-30,4762,204092.47,42.86,1384,2312,23,0.483,13.73,215
2015-12-01,4907,210224.43,42.84,1395,2365,9,0.1834,12.45,247
2015-12-02,4882,221166.64,45.3,1388,2357,39,0.7989,12.19,227
2015-12-03,4292,198779.88,46.31,1347,2180,4,0.0932,12.0,195
2015-12-04,4301,187883.83,43.68,1349,2200,8,0.186,11.32,231
2015-12-05,4893,210144.06,42.95,1374,2339,43,0.8788,13.47,240
2015-12-06,4763,210982.61,44.3,1380,2353,33,0.6928,12.66,227
2015-12-07,4833,206468.51,42.72,1378,2305,28,0.5794,12.52,238
2015-12-08,4830,198060.15,41.01,1373,2312,1,0.0207,12.28,237
2015-12-09,5025,219507.85,43.68,1390,2357,18,0.3582,12.06,261
2015-12-10,4267,197512.15,46.29,1345,2207,2,0.0469,12.47,178
2015-12-11,4461,196124.44,43.96,1369,2269,10,0.2242,13.14,247
2015-12-12,4813,199160.54,41.38,1369,2327,35,0.7272,12.32,225
2015-12-13,4882,205571.45,42.11,1389,2335,21,0.4302,12.86,245
2015-12-14,4819,202618.31,42.05,1373,2318,37,0.7678,12.45,208
2015-12-15,4753,195990.51,41.24,1383,2292,6,0.1262,11.82,241
2015-12-16,4832,221594.17,45.86,1387,2315,19,0.3932,11.53,248
2015-12-17,4292,195863.81,45.63,1361,2191,2,0.0466,12.51,182
2015-12-18,4524,193839.31,42.85,1353,2242,23,0.5084,13.15,247
2015-12-19,4790,207347.85,43.29,1380,2321,41,0.8559,12.82,235
2015-12-20,4930,205931.11,41.77,1389,2356,30,0.6085,12.33,243
2015-12-21,4805,198068.92,41.22,1384,2356,44,0.9157,12.78,228
2015-12-22,4862,193596.85,39.82,1381,2343,11,0.2262,12.28,240
2015-12-23,4949,217846.41,44.02,1379,2325,21,0.4243,12.37,238
2015-12-24,4278,200899.32,46.96,1357,2188,2,0.0468,13.04,185
2015-12-25,4983,174405.67,35.0,1379,2349,9,0.1806,13.55,297
2015-12-26,4803,193966.79,40.38,1386,2317,36,0.7495,12.76,228
2015-12-27,4982,204145.08,40.98,1379,2357,37,0.7427,13.11,254
2015-12-28,4831,198641.56,41.12,1410,2395,37,0.7659,12.63,213
2015-12-29,4647,187355.0,40.32,1390,2300,4,0.0861,12.35,201
2015-12-30,4860,223505.12,45.99,1374,2337,30,0.6173,12.78,218
2015-12-31,4238,180008.67,42.47,1342,2196,2,0.0472,13.47,177
2016-01-01,4969,167642.56,33.74,1377,2311,0,0.0,14.99,265
2016-01-02,4303,207283.7,48.17,1359,2216,30,0.6972,13.41,149
2016-01-03,4806,203712.54,42.39,1377,2342,27,0.5618,12.42,216
2016-01-04,4580,201181.88,43.93,1370,2295,10,0.2183,11.97,195
2016-01-05,4669,192151.6,41.15,1361,2278,22,0.4712,13.28,225
2016-01-06,4835,210397.65,43.52,1393,2323,17,0.3516,12.99,219
2016-01-07,4886,223169.75,45.68,1373,2380,30,0.614,12.53,213
2016-01-08,4216,193028.1,45.78,1372,2217,0,0.0,12.33,171
2016-01-09,4372,184975.68,42.31,1347,2234,15,0.3431,13.04,243
2016-01-10,4704,199077.66,42.32,1370,2314,28,0.5952,12.5,221
2016-01-11,4799,192262.04,40.06,1386,2309,15,0.3126,12.02,238
2016-01-12,4717,202046.43,42.83,1372,2297,20,0.424,12.4,196
2016-01-13,4810,198771.05,41.32,1379,2301,2,0.0416,12.04,239
2016-01-14,4951,227772.51,46.01,1377,2327,20,0.404,12.42,236
2016-01-15,4289,202678.72,47.26,1357,2221,0,0.0,13.27,178
2016-01-16,4484,200542.89,44.72,1362,2265,21,0.4683,13.29,257
2016-01-17,4978,190731.69,38.31,1399,2344,28,0.5625,14.85,233
2016-01-18,4874,206534.18,42.37,1375,2308,7,0.1436,11.78,240
2016-01-19,4732,200492.63,42.37,1382,2304,23,0.4861,13.04,225
2016-01-20,4794,210186.12,43.84,1379,2305,7,0.146,11.79,235
2016-01-21,4762,218231.76,45.83,1377,2316,22,0.462,12.35,203
2016-01-22,4199,187199.17,44.58,1337,2219,4,0.0953,13.17,173
2016-01-23,4360,190658.39,43.73,1355,2232,16,0.367,12.73,233
2016-01-24,4860,208850.52,42.97,1372,2332,29,0.5967,12.41,247
2016-01-25,4784,205636.12,42.98,1383,2317,9,0.1881,11.83,215
2016-01-26,4916,208653.39,42.44,1396,2345,4,0.0814,13.3,235
2016-01-27,4723,206785.25,43.78,1379,2290,2,0.0423,12.3,204
2016-01-28,4926,228072.35,46.3,1396,2361,19,0.3857,12.79,243
2016-01-29,4362,193908.2,44.45,1343,2216,2,0.0459,12.43,198
2016-01-30,4474,183909.91,41.11,1336,2178,0,0.0,12.16,279
2016-01-31,4904,206449.04,42.1,1414,2357,30,0.6117,13.11,239
2016-02-01,4743,208205.02,43.9,1378,2320,0,0.0,12.8,214
2016-02-02,4741,203859.54,43.0,1369,2311,14,0.2953,12.15,219
2016-02-03,4594,194099.36,42.25,1371,2285,2,0.0435,12.76,200
2016-02-04,4871,233583.5,47.95,1382,2375,21,0.4311,11.58,218
2016-02-05,4148,197513.75,47.62,1341,2169,1,0.0241,12.87,163
2016-02-06,4406,190236.03,43.18,1347,2236,2,0.0454,13.03,248
2016-02-07,4898,216351.7,44.17,1387,2336,33,0.6737,12.56,225
2016-02-08,4857,204903.47,42.19,1390,2368,4,0.0824,12.07,232
2016-02-09,4731,203906.85,43.1,1367,2308,24,0.5073,12.66,230
2016-02-10,4776,201221.19,42.13,1390,2347,2,0.0419,12.1,233
2016-02-11,4781,211309.52,44.2,1381,2304,14,0.2928,12.34,224
2016-02-12,4438,207030.4,46.65,1367,2258,0,0.0,12.91,203
2016-02-13,4415,192685.5,43.64,1345,2221,0,0.0,12.64,255
2016-02-14,4860,201540.44,41.47,1381,2328,24,0.4938,12.22,251
2016-02-15,4800,191455.09,39.89,1376,2333,2,0.0417,12.19,230
2016-02-16,4691,195844.88,41.75,1362,2258,38,0.8101,13.66,237
2016-02-17,4832,202813.37,41.97,1389,2354,0,0.0,11.53,249
2016-02-18,4858,219404.76,45.16,1383,2320,13,0.2676,12.04,226
2016-02-19,4375,201274.21,46.01,1377,2217,0,0.0,12.21,193
2016-02-20,4463,196047.32,43.93,1343,2229,0,0.0,13.33,245
2016-02-21,4956,189321.16,38.2,1355,2325,18,0.3632,14.53,220
2016-02-22,4764,199887.12,41.96,1370,2301,2,0.042,13.04,241
2016-02-23,4709,200344.47,42.55,1374,2325,17,0.361,11.85,230
2016-02-24,4836,204911.38,42.37,1381,2345,0,0.0,12.12,246
2016-02-25,4998,217312.39,43.48,1368,2350,29,0.5802,12.22,260
2016-02-26,4253,202224.05,47.55,1357,2202,2,0.047,12.74,169
2016-02-27,4414,188165.74,42.63,1350,2199,0,0.0,11.96,271
2016-02-28,4819,205008.5,42.54,1377,2332,19,0.3943,13.24,227
2016-02-29,28,17342.91,619.39,26,26,4,14.2857,39.29,2
2016-03-01,4783,206599.72,43.19,1364,2308,16,0.3345,12.04,237
2016-03-02,4720,191307.61,40.53,1379,2316,0,0.0,12.12,217
2016-03-03,4832,216008.06,44.7,1375,2312,26,0.5381,12.07,221
2016-03-04,4162,199459.68,47.92,1328,2135,0,0.0,12.23,181
2016-03-05,4362,181642.16,41.64,1337,2202,2,0.0459,12.33,254
2016-03-06,4789,203180.75,42.43,1383,2331,18,0.3759,12.49,214
2016-03-07,4754,200803.92,42.24,1366,2346,2,0.0421,12.33,207
2016-03-08,4855,204921.14,42.21,1380,2327,14,0.2884,12.61,216
2016-03-09,4776,196966.26,41.24,1385,2342,0,0.0,12.16,225
2016-03-10,4869,216051.61,44.37,1386,2329,9,0.1848,11.97,249
2016-03-11,4381,193744.56,44.22,1368,2238,0,0.0,12.65,181
2016-03-12,4270,187916.8,44.01,1359,2204,0,0.0,11.99,217
2016-03-13,4775,202805.25,42.47,1366,2310,29,0.6073,13.09,228
2016-03-14,4865,201549.04,41.43,1378,2356,2,0.0411,11.45,245
2016-03-15,4791,194815.06,40.66,1373,2335,33,0.6888,13.05,229
2016-03-16,4779,187281.28,39.19,1378,2319,0,0.0,12.64,233
2016-03-17,4775,207786.29,43.52,1381,2313,29,0.6073,13.05,229
2016-03-18,4240,193957.43,45.74,1350,2193,2,0.0472,12.48,179
2016-03-19,4361,191503.43,43.91,1345,2241,0,0.0,12.73,220
2016-03-20,4735,195858.65,41.36,1379,2322,22,0.4646,12.71,209
2016-03-21,4619,211552.76,45.8,1372,2302,2,0.0433,11.91,206
2016-03-22,4786,197493.42,41.26,1384,2350,13,0.2716,12.16,242
2016-03-23,4728,190797.08,40.35,1378,2310,0,0.0,11.91,235
2016-03-24,4806,219203.25,45.61,1367,2327,13,0.2705,12.86,213
2016-03-25,4302,199394.92,46.35,1342,2219,0,0.0,12.78,182
2016-03-26,4429,195757.76,44.2,1356,2231,0,0.0,12.19,239
2016-03-27,4896,213603.8,43.63,1388,2373,27,0.5515,12.19,260
2016-03-28,4710,188209.29,39.96,1363,2284,2,0.0425,12.34,248
2016-03-29,4742,204258.63,43.07,1366,2289,25,0.5272,13.48,210
2016-03-30,4896,212344.25,43.37,1390,2385,0,0.0,11.83,230
2016-03-31,4897,224757.74,45.9,1379,2331,33,0.6739,12.5,235
2016-04-01,4419,201345.1,45.56,1373,2247,0,0.0,13.58,195
2016-04-02,4386,194209.55,44.28,1362,2204,4,0.0912,12.45,248
2016-04-03,4746,196168.36,41.33,1377,2345,28,0.59,12.39,221
2016-04-04,4797,197755.73,41.22,1384,2305,4,0.0834,11.67,232
2016-04-05,4763,202740.71,42.57,1371,2310,25,0.5249,13.18,229
2016-04-06,4722,197335.56,41.79,1361,2254,0,0.0,12.88,219
2016-04-07,4788,212575.52,44.4,1378,2278,10,0.2089,11.49,239
2016-04-08,4187,191550.83,45.75,1340,2151,4,0.0955,12.68,164
2016-04-09,4390,186632.75,42.51,1358,2238,2,0.0456,12.23,253
2016-04-10,4740,199211.64,42.03,1372,2308,28,0.5907,12.22,208
2016-04-11,4792,204297.42,42.63,1369,2333,2,0.0417,12.83,211
2016-04-12,4794,202236.41,42.19,1374,2345,14,0.292,12.06,232
2016-04-13,4742,202293.56,42.66,1385,2329,0,0.0,12.44,241
2016-04-14,4864,218692.4,44.96,1396,2365,27,0.5551,12.62,231
2016-04-15,4354,195003.64,44.79,1375,2240,0,0.0,13.23,177
2016-04-16,4333,185773.25,42.87,1343,2206,0,0.0,13.27,247
2016-04-17,4973,199545.2,40.13,1407,2374,35,0.7038,12.51,252
2016-04-18,4731,196027.43,41.43,1398,2311,0,0.0,11.96,233
2016-04-19,4813,200207.51,41.6,1358,2314,19,0.3948,12.82,242
2016-04-20,4810,207374.57,43.11,1364,2324,0,0.0,11.66,264
2016-04-21,4815,217422.36,45.16,1396,2346,17,0.3531,12.9,217
2016-04-22,4274,195379.58,45.71,1348,2201,0,0.0,12.96,182
2016-04-23,4328,186489.39,43.09,1362,2185,4,0.0924,12.8,222
2016-04-24,4894,196444.89,40.14,1387,2319,16,0.3269,12.18,243
2016-04-25,4737,191442.31,40.41,1372,2303,0,0.0,12.52,239
2016-04-26,4809,198099.52,41.19,1383,2346,30,0.6238,12.75,241
2016-04-27,4691,200405.32,42.72,1371,2318,0,0.0,12.39,217
2016-04-28,4786,214409.32,44.8,1388,2372,41,0.8567,12.47,219
2016-04-29,4210,198905.02,47.25,1352,2172,0,0.0,12.95,167
2016-04-30,4440,189467.19,42.67,1355,2233,2,0.045,12.45,262
2016-05-01,4723,207981.0,44.04,1379,2329,42,0.8893,12.11,217
2016-05-02,4793,194071.08,40.49,1376,2318,0,0.0,11.81,226
2016-05-03,4819,207319.99,43.02,1397,2350,25,0.5188,11.79,220
2016-05-04,4783,190295.64,39.79,1373,2340,2,0.0418,11.6,245
2016-05-05,4959,218909.41,44.14,1391,2377,23,0.4638,11.72,238
2016-05-06,4315,192331.67,44.57,1345,2213,0,0.0,12.47,187
2016-05-07,4361,186925.91,42.86,1338,2190,0,0.0,12.29,237
2016-05-08,4827,205471.65,42.57,1384,2348,23,0.4765,12.47,222
2016-05-09,4731,200071.53,42.29,1390,2360,0,0.0,11.94,219
2016-05-10,4753,201595.01,42.41,1380,2325,15,0.3156,12.88,220
2016-05-11,4740,207778.9,43.84,1381,2311,0,0.0,12.81,222
2016-05-12,4922,219810.37,44.66,1382,2363,23,0.4673,11.78,242
2016-05-13,4219,192743.71,45.68,1344,2170,0,0.0,12.51,180
2016-05-14,4434,189742.54,42.79,1367,2205,0,0.0,11.43,249
2016-05-15,4866,200648.1,41.23,1396,2363,29,0.596,12.04,244
2016-05-16,4814,197861.74,41.1,1391,2348,0,0.0,12.32,219
2016-05-17,4783,200235.71,41.86,1384,2336,19,0.3972,12.17,217
2016-05-18,4791,206000.37,43.0,1398,2332,0,0.0,12.38,232
2016-05-19,4920,211914.21,43.07,1401,2389,14,0.2846,11.85,256
2016-05-20,4306,191899.65,44.57,1366,2220,0,0.0,12.7,216
2016-05-21,4420,183280.89,41.47,1361,2223,2,0.0452,12.6,261
2016-05-22,4881,208827.84,42.78,1387,2355,31,0.6351,12.35,243
2016-05-23,4785,206223.41,43.1,1391,2304,0,0.0,12.04,225
2016-05-24,4765,201475.7,42.28,1384,2313,27,0.5666,12.44,223
2016-05-25,4790,199778.12,41.71,1376,2290,0,0.0,12.19,227
2016-05-26,4904,210682.16,42.96,1386,2366,5,0.102,12.34,242
2016-05-27,4218,196317.96,46.54,1331,2210,0,0.0,13.37,168
2016-05-28,4342,186811.99,43.02,1353,2219,0,0.0,11.81,267
2016-05-29,4936,184504.48,37.38,1363,2313,33,0.6686,14.87,242
2016-05-30,4725,199051.58,42.13,1371,2299,0,0.0,12.08,231
2016-05-31,4806,199529.71,41.52,1380,2345,14,0.2913,12.55,226
2016-06-01,4863,204854.35,42.13,1389,2334,2,0.0411,12.01,234
2016-06-02,4920,220409.27,44.8,1379,2326,16,0.3252,12.07,259
2016-06-03,4319,208572.74,48.29,1348,2193,2,0.0463,12.5,194
2016-06-04,4406,188552.05,42.79,1351,2232,0,0.0,11.73,231
2016-06-05,4972,210377.89,42.31,1392,2396,22,0.4425,12.07,256
2016-06-06,4833,211462.83,43.75,1374,2319,0,0.0,11.96,232
2016-06-07,4765,203874.27,42.79,1383,2326,13,0.2728,12.26,242
2016-06-08,4838,209968.17,43.4,1369,2349,2,0.0413,12.11,246
2016-06-09,4906,216254.07,44.08,1366,2332,14,0.2854,12.72,229
2016-06-10,4310,206149.36,47.83,1342,2239,0,0.0,12.88,183
2016-06-11,4372,193938.04,44.36,1366,2213,0,0.0,12.51,239
2016-06-12,4850,209714.48,43.24,1384,2347,42,0.866,13.09,222
2016-06-13,4912,204987.08,41.73,1379,2340,0,0.0,12.34,241
2016-06-14,4912,217226.95,44.22,1391,2373,16,0.3257,12.6,239
2016-06-15,4874,200637.91,41.16,1374,2344,0,0.0,12.27,243
2016-06-16,4927,222568.83,45.17,1385,2363,16,0.3247,12.44,250
2016-06-17,4364,195325.67,44.76,1342,2212,2,0.0458,12.58,190
2016-06-18,4374,194949.2,44.57,1348,2227,4,0.0914,12.39,246
2016-06-19,4960,211562.79,42.65,1377,2381,11,0.2218,12.44,239
2016-06-20,4730,201848.4,42.67,1373,2324,0,0.0,13.57,213
2016-06-21,4762,200845.4,42.18,1380,2311,24,0.504,12.83,247
2016-06-22,4726,202503.23,42.85,1363,2284,0,0.0,13.31,221
2016-06-23,4791,206686.23,43.14,1376,2354,14,0.2922,12.65,235
2016-06-24,4264,198909.63,46.65,1356,2248,0,0.0,13.11,183
2016-06-25,4486,192617.72,42.94,1353,2219,0,0.0,12.64,259
2016-06-26,4820,210739.31,43.72,1368,2340,26,0.5394,12.74,211
2016-06-27,4782,195052.14,40.79,1384,2323,0,0.0,12.32,228
2016-06-28,4857,204312.52,42.07,1375,2329,15,0.3088,12.72,246
2016-06-29,4763,199875.95,41.96,1372,2309,0,0.0,12.18,244
2016-06-30,4872,214755.62,44.08,1390,2381,23,0.4721,13.28,238
2016-07-01,4287,205790.33,48.0,1368,2239,2,0.0467,12.83,193
2016-07-02,4445,200272.76,45.06,1367,2248,0,0.0,13.52,228
2016-07-03,4728,193307.53,40.89,1379,2314,12,0.2538,12.63,233
2016-07-04,4820,180213.64,37.39,1381,2323,0,0.0,14.17,205
2016-07-05,4778,195590.42,40.94,1362,2302,15,0.3139,12.24,225
2016-07-06,4813,204528.0,42.49,1353,2294,0,0.0,11.95,244
2016-07-07,4915,219721.93,44.7,1392,2339,21,0.4273,11.64,248
2016-07-08,4281,201049.82,46.96,1350,2204,0,0.0,12.87,191
2016-07-09,4411,197200.24,44.71,1370,2217,0,0.0,11.9,253
2016-07-10,4906,215626.6,43.95,1384,2301,32,0.6523,12.58,259
2016-07-11,4977,203287.32,40.85,1403,2372,0,0.0,12.88,260
2016-07-12,4761,207994.81,43.69,1376,2304,25,0.5251,12.52,208
2016-07-13,4920,206202.26,41.91,1368,2337,0,0.0,11.63,254
2016-07-14,4802,209062.53,43.54,1366,2339,18,0.3748,12.2,252
2016-07-15,4216,201813.79,47.87,1342,2212,0,0.0,13.31,179
2016-07-16,4371,197786.67,45.25,1351,2238,0,0.0,12.13,233
2016-07-17,4813,207720.11,43.16,1394,2349,23,0.4779,12.47,229
2016-07-18,4848,204392.54,42.16,1384,2308,2,0.0413,12.29,236
2016-07-19,4934,210004.64,42.56,1391,2360,18,0.3648,11.61,269
2016-07-20,4857,205588.25,42.33,1383,2369,0,0.0,12.02,224
2016-07-21,4789,214766.68,44.85,1394,2362,27,0.5638,12.53,238
2016-07-22,4333,196980.14,45.46,1347,2188,2,0.0462,12.58,199
2016-07-23,4409,197311.39,44.75,1369,2223,0,0.0,12.52,261
2016-07-24,4726,191780.61,40.58,1369,2288,15,0.3174,12.76,225
2016-07-25,4812,185302.16,38.51,1395,2360,0,0.0,12.72,253
2016-07-26,4942,206936.07,41.87,1397,2365,16,0.3238,12.73,251
2016-07-27,4837,205485.1,42.48,1365,2312,0,0.0,12.05,233
2016-07-28,4934,220281.71,44.65,1409,2385,9,0.1824,12.95,221
2016-07-29,4262,201120.22,47.19,1340,2177,0,0.0,13.28,186
2016-07-30,4485,197426.24,44.02,1353,2241,0,0.0,12.02,253
2016-07-31,4768,201965.69,42.36,1372,2301,27,0.5663,13.23,226
2016-08-01,4814,203988.93,42.37,1372,2283,2,0.0415,11.78,219
2016-08-02,4698,193311.73,41.15,1391,2327,14,0.298,12.15,220
2016-08-03,4809,195545.22,40.66,1377,2332,0,0.0,12.52,232
2016-08-04,4816,209076.16,43.41,1399,2329,10,0.2076,12.79,233
2016-08-05,4219,194205.07,46.03,1344,2184,2,0.0474,13.2,190
2016-08-06,4449,195140.18,43.86,1364,2205,0,0.0,12.2,250
2016-08-07,4792,209259.41,43.67,1377,2336,16,0.3339,12.48,219
2016-08-08,4753,200093.18,42.1,1375,2307,2,0.0421,12.6,229
2016-08-09,4739,198048.4,41.79,1362,2306,13,0.2743,12.6,217
2016-08-10,4843,207099.58,42.76,1382,2346,0,0.0,12.49,217
2016-08-11,4877,208161.82,42.68,1394,2359,35,0.7177,12.22,248
2016-08-12,4387,208904.25,47.62,1347,2249,0,0.0,12.49,186
2016-08-13,4343,187288.26,43.12,1343,2180,0,0.0,12.53,245
2016-08-14,4905,202022.9,41.19,1384,2348,24,0.4893,12.76,250
2016-08-15,4755,195869.86,41.19,1397,2343,2,0.0421,13.5,210
2016-08-16,4732,206219.1,43.58,1370,2287,24,0.5072,12.51,229
2016-08-17,4847,199845.9,41.23,1381,2299,0,0.0,12.13,231
2016-08-18,4882,214608.81,43.96,1387,2358,16,0.3277,12.68,237
2016-08-19,4361,206387.21,47.33,1367,2246,2,0.0459,12.45,182
2016-08-20,4390,198660.23,45.25,1352,2232,0,0.0,12.78,258
2016-08-21,4767,200506.34,42.06,1397,2322,26,0.5454,12.73,210
2016-08-22,4767,198924.96,41.73,1386,2381,0,0.0,12.48,237
2016-08-23,4815,207207.77,43.03,1368,2317,23,0.4777,12.34,244
2016-08-24,4820,205494.22,42.63,1385,2328,0,0.0,11.62,242
2016-08-25,4997,215435.56,43.11,1403,2382,26,0.5203,12.77,261
2016-08-26,4231,195663.28,46.25,1366,2217,0,0.0,13.05,180
2016-08-27,4308,178961.56,41.54,1348,2206,2,0.0464,13.23,240
2016-08-28,4870,214561.17,44.06,1386,2349,32,0.6571,12.9,224
2016-08-29,4730,196835.26,41.61,1367,2312,2,0.0423,12.45,229
2016-08-30,4793,202438.04,42.24,1371,2316,37,0.772,13.27,245
2016-08-31,4844,202588.99,41.82,1390,2349,6,0.1239,12.68,247
2016-09-01,4963,224626.53,45.26,1391,2374,8,0.1612,12.27,250
2016-09-02,4314,199828.46,46.32,1345,2251,0,0.0,12.54,187
2016-09-03,4368,187524.38,42.93,1349,2197,2,0.0458,12.73,253
2016-09-04,4916,185178.79,37.67,1386,2356,27,0.5492,15.56,217
2016-09-05,4774,198137.43,41.5,1374,2298,0,0.0,12.76,245
2016-09-06,4793,197027.75,41.11,1392,2336,20,0.4173,12.77,250
2016-09-07,4720,204759.69,43.38,1388,2326,0,0.0,12.08,218
2016-09-08,4800,217100.92,45.23,1362,2312,13,0.2708,13.04,215
2016-09-09,4245,190256.55,44.82,1356,2237,0,0.0,13.22,189
2016-09-10,4381,181268.75,41.38,1339,2215,0,0.0,12.28,231
2016-09-11,4783,209004.33,43.7,1388,2364,36,0.7527,12.94,220
2016-09-12,4874,206591.99,42.39,1388,2334,2,0.041,12.45,234
2016-09-13,4845,213219.12,44.01,1376,2355,26,0.5366,12.65,203
2016-09-14,4801,216390.92,45.07,1403,2355,0,0.0,12.62,239
2016-09-15,4859,216387.83,44.53,1393,2365,21,0.4322,12.8,219
2016-09-16,4158,194790.11,46.85,1347,2179,0,0.0,12.24,174
2016-09-17,4433,188742.34,42.58,1383,2263,0,0.0,12.54,228
2016-09-18,4927,206594.14,41.93,1399,2380,48,0.9742,12.6,252
2016-09-19,4711,203539.06,43.21,1388,2324,2,0.0425,12.88,214
2016-09-20,4764,194954.6,40.92,1374,2333,13,0.2729,11.88,236
2016-09-21,4751,204004.0,42.94,1380,2356,0,0.0,12.02,216
2016-09-22,4920,217728.31,44.25,1400,2369,22,0.4472,12.05,233
2016-09-23,4251,194240.97,45.69,1352,2170,4,0.0941,12.59,176
2016-09-24,4350,177462.1,40.8,1369,2255,0,0.0,11.66,231
2016-09-25,4830,199597.95,41.32,1377,2333,35,0.7246,13.23,258
2016-09-26,4834,195124.35,40.36,1395,2366,0,0.0,12.85,237
2016-09-27,4832,202582.86,41.93,1387,2325,20,0.4139,12.42,249
2016-09-28,4776,201131.98,42.11,1378,2315,0,0.0,12.14,227
2016-09-29,4848,219501.38,45.28,1381,2321,19,0.3919,12.46,257
2016-09-30,4235,195749.17,46.22,1363,2227,4,0.0945,13.25,171
2016-10-01,4429,188826.76,42.63,1365,2265,0,0.0,12.98,226
2016-10-02,4812,197418.55,41.03,1355,2338,14,0.2909,12.72,243
2016-10-03,4797,198010.22,41.28,1385,2322,0,0.0,12.34,218
2016-10-04,4962,203506.02,41.01,1400,2362,24,0.4837,13.04,239
2016-10-05,4845,206736.65,42.67,1392,2369,0,0.0,11.93,231
2016-10-06,4813,219257.91,45.56,1382,2324,21,0.4363,12.67,222
2016-10-07,4198,196629.69,46.84,1351,2191,0,0.0,12.79,185
2016-10-08,4481,186734.76,41.67,1358,2264,0,0.0,11.98,245
2016-10-09,4683,208018.01,44.42,1377,2297,20,0.4271,12.39,220
2016-10-10,4744,190821.88,40.22,1391,2324,0,0.0,11.91,211
2016-10-11,4927,211271.14,42.88,1401,2359,15,0.3044,12.12,244
2016-10-12,4816,202617.67,42.07,1384,2338,0,0.0,11.25,227
2016-10-13,4952,218510.88,44.13,1401,2364,7,0.1414,12.66,226
2016-10-14,4272,189985.42,44.47,1350,2195,0,0.0,13.44,190
2016-10-15,4402,190454.62,43.27,1360,2220,0,0.0,12.59,256
2016-10-16,4843,197986.67,40.88,1373,2321,25,0.5162,11.87,248
2016-10-17,4734,206213.6,43.56,1379,2326,2,0.0422,13.27,220
2016-10-18,4706,196600.93,41.78,1360,2287,11,0.2337,12.35,215
2016-10-19,4713,199040.35,42.23,1378,2293,0,0.0,11.65,236
2016-10-20,4847,219217.24,45.23,1381,2332,25,0.5158,12.81,224
2016-10-21,4269,190163.18,44.55,1365,2219,0,0.0,12.04,190
2016-10-22,4546,190288.79,41.86,1369,2264,2,0.044,11.79,274
2016-10-23,4895,216699.24,44.27,1383,2359,40,0.8172,12.36,240
2016-10-24,4784,202560.06,42.34,1393,2352,2,0.0418,12.02,236
2016-10-25,4744,194934.68,41.09,1377,2354,9,0.1897,12.29,222
2016-10-26,4896,204450.54,41.76,1381,2343,0,0.0,11.97,239
2016-10-27,4794,211961.46,44.21,1383,2334,0,0.0,11.64,232
2016-10-28,4335,206120.35,47.55,1360,2215,2,0.0461,13.22,186
2016-10-29,4393,193297.75,44.0,1377,2233,0,0.0,12.36,244
2016-10-30,4813,192323.91,39.96,1378,2361,12,0.2493,11.97,233
2016-10-31,4717,200678.93,42.54,1385,2356,0,0.0,11.91,232
2016-11-01,4910,208004.27,42.36,1380,2335,34,0.6925,12.18,241
2016-11-02,4788,196219.33,40.98,1389,2328,0,0.0,12.05,230
2016-11-03,4925,223014.39,45.28,1396,2353,19,0.3858,13.02,228
2016-11-04,4333,190475.07,43.96,1345,2226,0,0.0,11.93,207
2016-11-05,4356,186827.65,42.89,1355,2236,2,0.0459,12.24,255
2016-11-06,4919,212988.89,43.3,1392,2370,26,0.5286,12.42,237
2016-11-07,4720,194846.79,41.28,1384,2304,4,0.0847,11.95,221
2016-11-08,4827,220057.42,45.59,1403,2343,23,0.4765,12.62,228
2016-11-09,4812,204483.58,42.49,1398,2325,0,0.0,12.03,227
2016-11-10,4848,214660.13,44.28,1397,2349,10,0.2063,11.45,251
2016-11-11,4252,200847.92,47.24,1350,2199,0,0.0,13.08,166
2016-11-12,4384,191090.7,43.59,1353,2184,0,0.0,12.68,255
2016-11-13,4869,207257.1,42.57,1384,2348,38,0.7804,12.63,230
2016-11-14,4744,195938.96,41.3,1398,2357,2,0.0422,11.85,192
2016-11-15,4877,207199.36,42.49,1385,2315,16,0.3281,13.16,232
2016-11-16,4881,211138.39,43.26,1375,2321,0,0.0,12.09,249
2016-11-17,4942,222399.13,45.0,1389,2378,18,0.3642,11.98,232
2016-11-18,4238,195479.14,46.13,1352,2209,2,0.0472,12.79,172
2016-11-19,4454,181080.04,40.66,1357,2237,2,0.0449,12.19,258
2016-11-20,4803,203040.58,42.27,1397,2330,40,0.8328,13.16,225
2016-11-21,4780,199411.2,41.72,1388,2329,0,0.0,11.84,236
2016-11-22,4845,205001.17,42.31,1381,2368,9,0.1858,12.55,213
2016-11-23,4967,183186.63,36.88,1371,2367,0,0.0,14.46,242
2016-11-24,4954,224230.06,45.26,1385,2363,25,0.5046,12.47,235
2016-11-25,4239,194154.1,45.8,1357,2250,2,0.0472,13.07,189
2016-11-26,4473,187787.17,41.98,1382,2270,0,0.0,12.27,256
2016-11-27,4902,212623.84,43.37,1397,2368,21,0.4284,12.73,220
2016-11-28,4824,200729.59,41.61,1384,2357,0,0.0,12.4,225
2016-11-29,4780,205791.24,43.05,1380,2352,11,0.2301,12.11,218
2016-11-30,4718,200821.57,42.56,1362,2292,2,0.0424,12.53,221
2016-12-01,4913,220261.72,44.83,1394,2384,17,0.346,12.38,239
2016-12-02,4284,194356.9,45.37,1346,2198,0,0.0,12.28,210
2016-12-03,4475,196148.76,43.83,1368,2246,0,0.0,12.31,242
2016-12-04,4809,204993.43,42.63,1373,2348,15,0.3119,12.68,222
2016-12-05,4783,197586.57,41.31,1389,2306,2,0.0418,12.52,244
2016-12-06,4767,202174.48,42.41,1371,2298,15,0.3147,12.25,229
2016-12-07,4784,199840.16,41.77,1371,2327,0,0.0,12.12,237
2016-12-08,4845,216324.49,44.65,1385,2337,18,0.3715,12.26,227
2016-12-09,4262,193980.34,45.51,1342,2199,2,0.0469,12.22,189
2016-12-10,4483,187282.97,41.78,1352,2243,0,0.0,12.87,253
2016-12-11,4902,216976.47,44.26,1386,2364,35,0.714,12.63,227
2016-12-12,4843,204502.36,42.23,1399,2360,0,0.0,12.0,219
2016-12-13,4896,206808.34,42.24,1392,2342,14,0.2859,11.97,239
2016-12-14,4794,200787.32,41.88,1379,2344,0,0.0,12.33,231
2016-12-15,4934,211341.22,42.83,1395,2384,27,0.5472,12.44,248
2016-12-16,4252,194456.73,45.73,1354,2189,0,0.0,11.83,183
2016-12-17,4403,190441.88,43.25,1344,2201,0,0.0,11.9,259
2016-12-18,4758,208715.48,43.87,1382,2290,27,0.5675,12.17,234
2016-12-19,4685,188327.25,40.2,1363,2286,0,0.0,11.53,232
2016-12-20,4773,197897.14,41.46,1381,2298,0,0.0,12.47,234
2016-12-21,4779,192484.66,40.28,1405,2357,0,0.0,12.41,214
2016-12-22,4848,213869.25,44.11,1389,2365,2,0.0413,11.84,217
2016-12-23,4276,198041.07,46.31,1354,2216,0,0.0,12.93,183
2016-12-24,4524,202123.1,44.68,1375,2271,0,0.0,12.91,240
2016-12-25,4832,187851.64,38.88,1371,2344,0,0.0,14.26,200
2016-12-26,4860,195718.33,40.27,1391,2323,0,0.0,11.95,239
2016-12-27,4789,201176.96,42.01,1380,2328,0,0.0,12.57,228
2016-12-28,4853,194641.74,40.11,1388,2334,0,0.0,12.18,249
2016-12-29,4787,202733.22,42.35,1390,2368,0,0.0,12.18,211
2016-12-30,4332,201122.34,46.43,1354,2227,0,0.0,12.63,176
2016-12-31,4417,176554.24,39.97,1348,2202,0,0.0,12.36,249
2017-01-01,4908,178071.53,36.28,1370,2330,0,0.0,13.63,226
2017-01-02,4309,199999.19,46.41,1343,2188,0,0.0,12.95,173
2017-01-03,4801,207862.67,43.3,1390,2382,0,0.0,12.1,213
2017-01-04,4918,205017.74,41.69,1383,2373,0,0.0,11.49,225
2017-01-05,4834,203731.85,42.15,1393,2333,0,0.0,12.06,243
2017-01-06,4807,196674.91,40.91,1373,2278,0,0.0,12.75,229
2017-01-07,4922,215868.66,43.86,1394,2350,0,0.0,11.7,232
2017-01-08,4304,197808.19,45.96,1353,2219,0,0.0,12.41,177
2017-01-09,4404,180555.11,41.0,1358,2212,0,0.0,12.78,252
2017-01-10,4737,199173.13,42.05,1371,2300,0,0.0,12.81,229
2017-01-11,4794,202673.94,42.28,1376,2315,0,0.0,12.29,226
2017-01-12,4827,198996.01,41.23,1374,2329,0,0.0,12.53,238
2017-01-13,4891,204863.5,41.89,1388,2352,0,0.0,12.1,234
2017-01-14,4861,218172.68,44.88,1393,2322,0,0.0,12.12,235
2017-01-15,4247,188000.48,44.27,1347,2190,0,0.0,13.09,192
2017-01-16,4414,191838.87,43.46,1355,2235,0,0.0,13.5,241
2017-01-17,4851,181193.89,37.35,1366,2308,0,0.0,14.7,212
2017-01-18,4754,203142.53,42.73,1381,2296,0,0.0,12.05,221
2017-01-19,4982,205919.44,41.33,1394,2340,0,0.0,12.22,250
2017-01-20,4769,212233.6,44.5,1374,2293,0,0.0,12.48,226
2017-01-21,4930,217297.81,44.08,1386,2361,0,0.0,12.33,256
2017-01-22,4251,192124.42,45.2,1357,2220,0,0.0,12.49,192
2017-01-23,4385,196499.19,44.81,1379,2252,0,0.0,12.16,234
2017-01-24,4926,196171.02,39.82,1392,2378,0,0.0,11.88,252
2017-01-25,4859,197692.29,40.69,1386,2350,0,0.0,11.44,250
2017-01-26,4852,199891.65,41.2,1403,2379,0,0.0,12.57,234
2017-01-27,4796,199264.46,41.55,1392,2384,0,0.0,12.32,231
2017-01-28,4822,215750.33,44.74,1380,2352,0,0.0,11.88,226
2017-01-29,4390,197108.49,44.9,1350,2231,0,0.0,12.03,204
2017-01-30,4301,186091.01,43.27,1343,2202,0,0.0,12.76,223
2017-01-31,4814,194359.69,40.37,1389,2352,0,0.0,12.17,228
2017-02-01,4794,195692.0,40.82,1374,2332,0,0.0,12.45,222
2017-02-02,4762,205483.84,43.15,1381,2322,0,0.0,12.28,230
2017-02-03,4806,205518.61,42.76,1382,2347,0,0.0,11.82,228
2017-02-04,4833,209391.91,43.33,1386,2334,0,0.0,12.33,226
2017-02-05,4222,201202.43,47.66,1364,2213,0,0.0,13.31,167
2017-02-06,4568,197522.02,43.24,1344,2240,0,0.0,12.5,272
2017-02-07,4843,200982.8,41.5,1378,2326,0,0.0,11.85,225
2017-02-08,4890,199609.76,40.82,1389,2338,0,0.0,11.94,232
2017-02-09,4885,202005.71,41.35,1377,2355,0,0.0,12.53,225
2017-02-10,4850,217823.14,44.91,1395,2307,0,0.0,12.35,230
2017-02-11,4914,224096.63,45.6,1397,2368,0,0.0,11.31,235
2017-02-12,4486,203274.81,45.31,1379,2269,0,0.0,12.35,201
2017-02-13,4366,195391.85,44.75,1362,2246,0,0.0,13.08,216
2017-02-14,4861,205958.52,42.37,1389,2346,0,0.0,12.67,243
2017-02-15,4679,198167.72,42.35,1384,2326,0,0.0,12.67,210
2017-02-16,4771,206753.28,43.34,1375,2333,0,0.0,12.09,220
2017-02-17,4827,204186.17,42.3,1382,2333,0,0.0,12.08,238
2017-02-18,4947,212355.8,42.93,1395,2399,0,0.0,11.14,246
2017-02-19,4331,202089.25,46.66,1353,2204,0,0.0,12.26,188
2017-02-20,4401,188931.09,42.93,1346,2216,0,0.0,12.86,234
2017-02-21,4936,183961.0,37.27,1377,2348,0,0.0,14.93,237
2017-02-22,4848,199935.9,41.24,1389,2331,0,0.0,12.83,243
2017-02-23,4822,202358.99,41.97,1396,2367,0,0.0,12.11,213
2017-02-24,4793,208504.97,43.5,1387,2328,0,0.0,12.83,230
2017-02-25,4905,228564.73,46.6,1378,2352,0,0.0,12.5,236
2017-02-26,4365,201737.18,46.22,1339,2252,0,0.0,12.85,196
2017-02-27,4362,188456.59,43.2,1351,2216,0,0.0,12.4,239
2017-02-28,4798,200313.21,41.75,1383,2322,0,0.0,12.44,221
2017-03-01,4855,198617.03,40.91,1385,2355,0,0.0,12.11,247
2017-03-02,4841,206350.53,42.63,1387,2351,0,0.0,12.02,224
2017-03-03,4799,203025.66,42.31,1382,2334,0,0.0,12.5,236
2017-03-04,4892,223641.01,45.72,1381,2346,0,0.0,11.28,242
2017-03-05,4230,200980.84,47.51,1346,2200,0,0.0,13.52,154
2017-03-06,4501,190702.46,42.37,1369,2291,0,0.0,12.55,249
2017-03-07,4765,204374.62,42.89,1385,2328,0,0.0,12.19,245
2017-03-08,4824,204068.64,42.3,1394,2355,0,0.0,11.75,232
2017-03-09,4759,194846.58,40.94,1389,2310,0,0.0,11.3,218
2017-03-10,4859,213499.34,43.94,1374,2322,0,0.0,12.62,235
2017-03-11,4862,215200.77,44.26,1391,2376,0,0.0,12.61,227
2017-03-12,4435,208488.58,47.01,1366,2251,0,0.0,12.56,202
2017-03-13,4322,186455.9,43.14,1345,2223,0,0.0,13.23,237
2017-03-14,4751,208400.08,43.86,1397,2340,0,0.0,11.85,220
2017-03-15,4776,200338.43,41.95,1369,2281,0,0.0,12.42,230
2017-03-16,4811,200264.84,41.63,1380,2273,0,0.0,11.79,239
2017-03-17,4683,195498.3,41.75,1382,2302,0,0.0,12.39,201
2017-03-18,4896,216145.15,44.15,1381,2327,0,0.0,11.83,244
2017-03-19,4268,195382.01,45.78,1363,2235,0,0.0,11.95,181
2017-03-20,4393,196406.02,44.71,1355,2242,0,0.0,11.93,236
2017-03-21,4676,192263.01,41.12,1376,2349,0,0.0,12.62,206
2017-03-22,4748,194568.06,40.98,1384,2315,0,0.0,12.51,231
2017-03-23,4811,200525.25,41.68,1394,2366,0,0.0,12.31,235
2017-03-24,4754,206694.99,43.48,1376,2299,0,0.0,12.64,236
2017-03-25,4958,219566.13,44.29,1372,2359,0,0.0,12.04,251
2017-03-26,4282,195511.74,45.66,1362,2228,0,0.0,12.75,200
2017-03-27,4535,187178.86,41.27,1352,2234,0,0.0,11.75,278
2017-03-28,4845,206725.69,42.67,1392,2340,0,0.0,12.28,229
2017-03-29,4855,205692.32,42.37,1390,2367,0,0.0,12.54,244
2017-03-30,4837,198508.63,41.04,1398,2353,0,0.0,11.91,221
2017-03-31,4931,205826.57,41.74,1393,2371,0,0.0,11.78,245
2017-04-01,4876,213794.98,43.85,1383,2335,0,0.0,12.08,240
2017-04-02,4336,210163.62,48.47,1359,2233,0,0.0,13.28,171
2017-04-03,4456,188021.95,42.2,1347,2196,0,0.0,11.87,270
2017-04-04,4773,201445.3,42.21,1381,2324,0,0.0,12.38,223
2017-04-05,4921,199536.57,40.55,1389,2344,0,0.0,12.5,259
2017-04-06,4862,202248.81,41.6,1399,2359,0,0.0,12.53,234
2017-04-07,4945,198636.24,40.17,1394,2375,0,0.0,12.34,264
2017-04-08,4883,211854.74,43.39,1389,2337,0,0.0,12.74,238
2017-04-09,4255,193569.33,45.49,1352,2174,0,0.0,12.2,187
2017-04-10,4410,189421.09,42.95,1349,2262,0,0.0,12.49,238
2017-04-11,4824,202657.25,42.01,1383,2350,0,0.0,11.96,220
2017-04-12,4854,207100.43,42.67,1392,2376,0,0.0,11.93,242
2017-04-13,4826,200903.71,41.63,1364,2306,0,0.0,11.58,231
2017-04-14,4745,211963.72,44.67,1387,2323,0,0.0,12.9,215
2017-04-15,4948,216556.95,43.77,1393,2378,0,0.0,12.0,233
2017-04-16,4315,201730.28,46.75,1361,2214,0,0.0,12.91,188
2017-04-17,4516,189037.68,41.86,1352,2210,0,0.0,12.71,270
2017-04-18,4864,202624.08,41.66,1393,2333,0,0.0,12.07,242
2017-04-19,4879,200550.37,41.1,1389,2304,0,0.0,11.85,240
2017-04-20,4873,208045.02,42.69,1391,2387,0,0.0,13.09,234
2017-04-21,4854,199815.3,41.17,1389,2326,0,0.0,12.44,253
2017-04-22,4997,211566.01,42.34,1393,2362,0,0.0,11.67,242
2017-04-23,4329,197605.04,45.65,1385,2241,0,0.0,12.73,191
2017-04-24,4512,187876.55,41.64,1361,2240,0,0.0,11.86,279
2017-04-25,4979,208934.84,41.96,1393,2351,0,0.0,12.49,257
2017-04-26,4832,201832.21,41.77,1380,2317,0,0.0,12.71,236
2017-04-27,4713,197226.39,41.85,1390,2299,0,0.0,12.5,224
2017-04-28,4935,209847.84,42.52,1400,2345,0,0.0,12.44,233
2017-04-29,4866,211421.66,43.45,1382,2369,0,0.0,12.27,222
2017-04-30,4437,195925.54,44.16,1363,2258,0,0.0,12.67,201
2017-05-01,4368,186623.76,42.73,1376,2231,0,0.0,12.2,227
2017-05-02,4857,207111.71,42.64,1398,2348,0,0.0,11.92,232
2017-05-03,4848,205369.62,42.36,1391,2343,0,0.0,12.81,234
2017-05-04,4814,203506.11,42.27,1399,2358,0,0.0,12.21,232
2017-05-05,4805,208683.27,43.43,1386,2356,0,0.0,12.15,216
2017-05-06,4959,219340.1,44.23,1406,2376,0,0.0,13.45,245
2017-05-07,4350,204494.93,47.01,1377,2270,0,0.0,13.2,188
2017-05-08,4410,193036.59,43.77,1373,2238,0,0.0,13.13,226
2017-05-09,4808,194765.11,40.51,1387,2335,0,0.0,12.08,249
2017-05-10,4821,202385.12,41.98,1384,2334,0,0.0,12.3,238
2017-05-11,4807,199353.31,41.47,1380,2324,0,0.0,11.77,229
2017-05-12,4824,212782.03,44.11,1406,2367,0,0.0,12.09,220
2017-05-13,4871,219670.36,45.1,1397,2359,0,0.0,12.52,234
2017-05-14,4331,191566.4,44.23,1348,2206,0,0.0,12.26,197
2017-05-15,4415,197721.17,44.78,1348,2261,0,0.0,13.3,248
2017-05-16,4904,202579.39,41.31,1404,2417,0,0.0,12.36,223
2017-05-17,4943,205699.65,41.61,1405,2366,0,0.0,11.55,234
2017-05-18,4956,198731.94,40.1,1391,2353,0,0.0,12.21,245
2017-05-19,4892,215438.41,44.04,1398,2367,0,0.0,13.04,235
2017-05-20,4865,205551.33,42.25,1399,2320,0,0.0,12.19,236
2017-05-21,4280,199362.03,46.58,1362,2201,0,0.0,14.07,189
2017-05-22,4433,195314.43,44.06,1373,2222,0,0.0,12.86,260
2017-05-23,4816,209106.19,43.42,1362,2319,0,0.0,12.5,225
2017-05-24,4899,205737.14,42.0,1392,2373,0,0.0,12.29,217
2017-05-25,4905,208143.42,42.43,1391,2350,0,0.0,11.68,233
2017-05-26,4861,206694.54,42.52,1383,2330,0,0.0,12.12,219
2017-05-27,4846,210494.92,43.44,1393,2351,0,0.0,12.34,234
2017-05-28,4341,202874.42,46.73,1354,2219,0,0.0,12.74,196
2017-05-29,4490,201764.3,44.94,1367,2271,0,0.0,12.94,248
2017-05-30,4912,192504.29,39.19,1386,2378,0,0.0,14.68,213
2017-05-31,4910,210459.35,42.86,1383,2344,0,0.0,12.22,243
2017-06-01,4762,206152.2,43.29,1401,2373,0,0.0,11.44,224
2017-06-02,4821,208757.97,43.3,1407,2366,0,0.0,12.42,223
2017-06-03,5030,237671.18,47.25,1413,2394,0,0.0,12.07,233
2017-06-04,4283,204777.39,47.81,1345,2187,0,0.0,12.98,188
2017-06-05,4489,192662.33,42.92,1362,2245,0,0.0,13.1,248
2017-06-06,4824,205222.41,42.54,1401,2346,0,0.0,12.94,220
2017-06-07,4935,213383.49,43.24,1401,2355,0,0.0,12.52,236
2017-06-08,4786,211087.75,44.11,1377,2327,0,0.0,13.0,240
2017-06-09,4805,196127.05,40.82,1398,2351,0,0.0,12.4,240
2017-06-10,4903,214931.02,43.84,1391,2377,0,0.0,11.89,249
2017-06-11,4494,210369.1,46.81,1382,2293,0,0.0,13.22,208
2017-06-12,4397,189908.84,43.19,1367,2213,0,0.0,12.12,265
2017-06-13,4800,195335.79,40.69,1377,2326,0,0.0,12.58,224
2017-06-14,4875,205056.53,42.06,1391,2340,0,0.0,12.49,231
2017-06-15,4830,202855.75,42.0,1407,2342,0,0.0,12.26,209
2017-06-16,4912,218307.09,44.44,1399,2390,0,0.0,12.52,233
2017-06-17,4869,222309.15,45.66,1394,2390,0,0.0,12.24,220
2017-06-18,4498,207879.48,46.22,1363,2288,0,0.0,12.05,196
2017-06-19,4532,181700.23,40.09,1378,2320,0,0.0,12.25,272
2017-06-20,4863,208892.2,42.96,1396,2324,0,0.0,12.24,245
2017-06-21,4838,201341.27,41.62,1403,2335,0,0.0,11.47,227
2017-06-22,4866,199451.38,40.99,1391,2354,0,0.0,12.06,243
2017-06-23,4913,211001.16,42.95,1402,2383,0,0.0,12.27,239
2017-06-24,4922,214019.09,43.48,1401,2357,0,0.0,11.91,252
2017-06-25,4354,197674.48,45.4,1354,2203,0,0.0,12.38,200
2017-06-26,4502,192059.5,42.66,1388,2279,0,0.0,12.59,243
2017-06-27,5003,212915.07,42.56,1390,2327,0,0.0,12.01,253
2017-06-28,4907,202202.48,41.21,1398,2388,0,0.0,12.25,251
2017-06-29,4737,190078.53,40.13,1383,2328,0,0.0,12.77,234
2017-06-30,4881,203998.59,41.79,1403,2378,0,0.0,12.91,232
2017-07-01,4874,216805.23,44.48,1400,2345,0,0.0,11.98,239
2017-07-02,4413,204297.95,46.29,1375,2250,0,0.0,12.94,184
2017-07-03,4507,197519.79,43.83,1376,2263,0,0.0,12.87,253
2017-07-04,5107,195356.83,38.25,1409,2400,0,0.0,14.49,248
2017-07-05,4881,208157.78,42.65,1390,2317,0,0.0,13.01,236
2017-07-06,4946,211434.04,42.75,1405,2345,0,0.0,12.25,261
2017-07-07,4857,212041.03,43.66,1394,2364,0,0.0,12.5,221
2017-07-08,4815,209849.61,43.58,1385,2320,0,0.0,12.83,224
2017-07-09,4381,204064.19,46.58,1364,2248,0,0.0,12.74,190
2017-07-10,4491,197762.49,44.04,1382,2269,0,0.0,12.67,256
2017-07-11,4838,205986.82,42.58,1407,2374,0,0.0,12.03,215
2017-07-12,4843,195358.09,40.34,1379,2328,0,0.0,11.96,256
2017-07-13,4851,197737.23,40.76,1389,2306,0,0.0,12.78,244
2017-07-14,4781,200649.46,41.97,1383,2308,0,0.0,12.24,234
2017-07-15,4892,221256.33,45.23,1388,2347,0,0.0,12.55,226
2017-07-16,4490,207349.4,46.18,1386,2301,0,0.0,13.23,200
2017-07-17,4405,192346.36,43.67,1369,2242,0,0.0,12.67,258
2017-07-18,4851,205497.0,42.36,1395,2325,0,0.0,11.89,242
2017-07-19,4953,215673.82,43.54,1401,2366,0,0.0,12.46,251
2017-07-20,4849,207571.58,42.81,1384,2375,0,0.0,12.48,221
2017-07-21,4833,202948.63,41.99,1404,2357,0,0.0,11.88,230
2017-07-22,4831,205437.4,42.52,1405,2375,0,0.0,12.77,239
2017-07-23,4327,205707.14,47.54,1380,2268,0,0.0,12.27,176
2017-07-24,4473,190538.07,42.6,1366,2254,0,0.0,12.23,232
2017-07-25,4835,203649.6,42.12,1389,2353,0,0.0,11.98,230
2017-07-26,4960,203420.83,41.01,1397,2385,0,0.0,12.0,251
2017-07-27,4836,195855.2,40.5,1384,2351,0,0.0,11.33,229
2017-07-28,4831,200828.03,41.57,1385,2342,0,0.0,12.79,254
2017-07-29,4892,213552.05,43.65,1401,2359,0,0.0,12.63,241
2017-07-30,4281,192808.33,45.04,1347,2183,0,0.0,12.52,190
2017-07-31,4535,198937.57,43.87,1372,2279,0,0.0,12.19,259
2017-08-01,4790,199465.17,41.64,1405,2334,0,0.0,11.98,238
2017-08-02,4889,203420.21,41.61,1405,2344,0,0.0,12.05,230
2017-08-03,4887,196163.63,40.14,1397,2359,0,0.0,12.07,252
2017-08-04,4805,205589.3,42.79,1390,2365,0,0.0,12.38,224
2017-08-05,4805,205973.86,42.87,1397,2291,0,0.0,12.01,243
2017-08-06,4377,200900.34,45.9,1370,2249,0,0.0,13.53,192
2017-08-07,4285,186797.59,43.59,1357,2182,0,0.0,12.09,231
2017-08-08,4863,201220.68,41.38,1396,2363,0,0.0,12.46,233
2017-08-09,4876,195905.83,40.18,1392,2339,0,0.0,12.2,251
2017-08-10,4856,191419.05,39.42,1398,2357,0,0.0,12.38,234
2017-08-11,4845,201888.97,41.67,1393,2331,0,0.0,11.97,259
2017-08-12,4836,201735.99,41.72,1395,2373,0,0.0,12.18,239
2017-08-13,4416,205480.57,46.53,1376,2295,0,0.0,12.39,204
2017-08-14,4354,192226.63,44.15,1371,2229,0,0.0,12.95,255
2017-08-15,4830,201872.78,41.8,1400,2370,0,0.0,12.32,209
2017-08-16,4814,201358.63,41.83,1389,2341,0,0.0,11.74,224
2017-08-17,4759,200433.88,42.12,1395,2370,0,0.0,12.59,217
2017-08-18,4837,197562.48,40.84,1384,2334,0,0.0,11.95,242
2017-08-19,4932,224800.26,45.58,1381,2352,0,0.0,12.1,251
2017-08-20,4252,196081.67,46.12,1350,2209,0,0.0,12.84,175
2017-08-21,4614,199203.52,43.17,1368,2278,0,0.0,12.44,275
2017-08-22,4802,203638.81,42.41,1402,2335,0,0.0,11.81,234
2017-08-23,4810,196707.67,40.9,1385,2351,0,0.0,12.41,235
2017-08-24,4930,197218.11,40.0,1402,2372,0,0.0,12.54,255
2017-08-25,4826,196170.07,40.65,1385,2320,0,0.0,12.1,261
2017-08-26,4971,220485.78,44.35,1399,2386,0,0.0,12.61,245
2017-08-27,4385,204163.46,46.56,1355,2243,0,0.0,12.84,180
2017-08-28,4600,190741.9,41.47,1370,2226,0,0.0,12.13,279
2017-08-29,4822,211104.43,43.78,1385,2361,0,0.0,12.61,229
2017-08-30,4795,198494.83,41.4,1388,2350,0,0.0,12.01,217
2017-08-31,4760,194437.32,40.85,1393,2375,0,0.0,12.77,217
2017-09-01,4813,190980.24,39.68,1397,2344,0,0.0,10.95,229
2017-09-02,4890,219254.53,44.84,1393,2329,0,0.0,12.17,242
2017-09-03,4420,201493.33,45.59,1361,2252,0,0.0,12.22,182
2017-09-04,4519,189798.52,42.0,1372,2276,0,0.0,12.39,259
2017-09-05,4974,185427.77,37.28,1375,2353,0,0.0,14.5,227
2017-09-06,4849,209186.52,43.14,1398,2366,0,0.0,11.78,221
2017-09-07,4798,210197.91,43.81,1386,2354,0,0.0,12.48,194
2017-09-08,4797,195652.73,40.79,1399,2353,0,0.0,12.74,240
2017-09-09,4979,224916.9,45.17,1389,2364,0,0.0,12.91,232
2017-09-10,4356,193389.72,44.4,1360,2259,0,0.0,12.79,176
2017-09-11,4478,191708.05,42.81,1372,2220,0,0.0,12.89,247
2017-09-12,4704,205441.33,43.67,1382,2321,0,0.0,12.54,214
2017-09-13,4690,190617.56,40.64,1374,2315,0,0.0,12.28,215
2017-09-14,4820,209774.53,43.52,1404,2363,0,0.0,12.53,235
2017-09-15,4835,193048.25,39.93,1385,2362,0,0.0,12.68,234
2017-09-16,4944,220916.72,44.68,1404,2387,0,0.0,11.75,231
2017-09-17,4312,189884.98,44.04,1354,2252,0,0.0,12.31,181
2017-09-18,4430,184461.2,41.64,1373,2252,0,0.0,12.39,250
2017-09-19,4965,209041.28,42.1,1406,2406,0,0.0,12.21,240
2017-09-20,4872,195589.6,40.15,1381,2354,0,0.0,12.19,224
2017-09-21,4871,209694.81,43.05,1381,2339,0,0.0,12.63,237
2017-09-22,4888,207183.76,42.39,1401,2348,0,0.0,11.27,239
2017-09-23,4822,209860.84,43.52,1395,2319,0,0.0,11.82,236
2017-09-24,4369,203370.75,46.55,1364,2227,0,0.0,12.38,196
2017-09-25,4345,197466.12,45.45,1363,2227,0,0.0,13.37,235
2017-09-26,4802,205953.56,42.89,1386,2338,0,0.0,12.56,224
2017-09-27,4825,193284.94,40.06,1390,2369,0,0.0,12.33,230
2017-09-28,4783,198809.69,41.57,1387,2354,0,0.0,11.98,221
2017-09-29,4758,206150.64,43.33,1391,2335,0,0.0,11.85,219
2017-09-30,4955,218586.55,44.11,1392,2359,0,0.0,12.41,230
2017-10-01,4288,196609.27,45.85,1373,2212,0,0.0,13.29,206
2017-10-02,4477,192142.21,42.92,1356,2243,0,0.0,12.66,250
2017-10-03,4919,206016.26,41.88,1396,2371,0,0.0,11.83,251
2017-10-04,4745,200306.74,42.21,1377,2328,0,0.0,12.79,208
2017-10-05,4911,205608.12,41.87,1403,2354,0,0.0,12.54,235
2017-10-06,4943,205255.63,41.52,1384,2364,0,0.0,11.59,266
2017-10-07,4824,218855.54,45.37,1395,2364,0,0.0,12.62,212
2017-10-08,4301,194615.85,45.25,1368,2248,0,0.0,12.39,184
2017-10-09,4452,189069.5,42.47,1371,2251,0,0.0,13.05,254
2017-10-10,4919,204884.52,41.65,1396,2359,0,0.0,12.4,264
2017-10-11,4879,207819.15,42.59,1377,2346,0,0.0,12.07,235
2017-10-12,4704,191941.4,40.8,1405,2324,0,0.0,12.39,227
2017-10-13,4741,201903.93,42.59,1387,2332,0,0.0,11.92,229
2017-10-14,4825,218585.42,45.3,1393,2343,0,0.0,12.04,223
2017-10-15,4438,200730.84,45.23,1370,2275,0,0.0,13.07,196
2017-10-16,4379,186814.13,42.66,1357,2219,0,0.0,12.83,241
2017-10-17,4703,203282.61,43.22,1378,2319,0,0.0,12.61,214
2017-10-18,4737,194324.6,41.02,1390,2339,0,0.0,11.38,216
2017-10-19,4843,195077.69,40.28,1386,2356,0,0.0,12.22,233
2017-10-20,4759,203745.8,42.81,1397,2367,0,0.0,12.8,213
2017-10-21,4922,216513.77,43.99,1397,2384,0,0.0,11.82,243
2017-10-22,4301,193186.8,44.92,1346,2275,0,0.0,12.65,186
2017-10-23,4603,194411.11,42.24,1366,2317,0,0.0,12.43,272
2017-10-24,4876,198276.77,40.66,1393,2362,0,0.0,12.33,242
2017-10-25,4883,204905.42,41.96,1392,2348,0,0.0,12.33,251
2017-10-26,4835,198707.2,41.1,1367,2313,0,0.0,11.93,245
2017-10-27,4783,213470.91,44.63,1385,2368,0,0.0,11.98,223
2017-10-28,4851,215929.43,44.51,1380,2377,0,0.0,11.52,222
2017-10-29,4393,207367.78,47.2,1366,2244,0,0.0,12.88,192
2017-10-30,4458,185125.42,41.53,1361,2258,0,0.0,12.7,254
2017-10-31,4868,198357.87,40.75,1382,2360,0,0.0,12.08,256
2017-11-01,4701,189317.98,40.27,1380,2307,0,0.0,12.49,210
2017-11-02,4889,206591.11,42.26,1385,2346,0,0.0,11.72,243
2017-11-03,4803,205882.1,42.87,1373,2335,0,0.0,12.14,225
2017-11-04,4932,219939.62,44.59,1406,2405,0,0.0,11.62,230
2017-11-05,4308,197189.5,45.77,1369,2195,0,0.0,12.16,190
2017-11-06,4513,189546.59,42.0,1374,2282,0,0.0,12.3,245
2017-11-07,4754,193745.29,40.75,1380,2345,0,0.0,12.31,228
2017-11-08,4840,206773.35,42.72,1379,2318,0,0.0,12.56,220
2017-11-09,4861,203741.26,41.91,1400,2384,0,0.0,12.24,234
2017-11-10,4849,193111.33,39.82,1390,2336,0,0.0,11.84,239
2017-11-11,4939,209225.68,42.36,1398,2353,0,0.0,12.57,247
2017-11-12,4324,206756.21,47.82,1341,2220,0,0.0,12.14,205
2017-11-13,4482,193899.38,43.26,1345,2218,0,0.0,12.56,270
2017-11-14,4937,205700.59,41.67,1379,2349,0,0.0,12.34,235
2017-11-15,4956,201907.31,40.74,1382,2366,0,0.0,13.05,244
2017-11-16,4747,198658.12,41.85,1362,2328,0,0.0,12.11,237
2017-11-17,4949,201614.45,40.74,1395,2349,0,0.0,12.41,254
2017-11-18,4854,216362.96,44.57,1397,2361,0,0.0,13.02,226
2017-11-19,4383,197167.57,44.98,1371,2257,3,0.0684,12.37,199
2017-11-20,4446,194181.3,43.68,1366,2239,0,0.0,12.78,270
2017-11-21,4841,202542.45,41.84,1399,2323,7,0.1446,12.56,225
2017-11-22,4848,201652.69,41.6,1385,2386,10,0.2063,12.23,226
2017-11-23,4804,193798.63,40.34,1382,2350,8,0.1665,11.93,256
2017-11-24,4939,181021.54,36.65,1374,2365,0,0.0,14.72,226
2017-11-25,4928,221233.41,44.89,1379,2379,0,0.0,12.11,235
2017-11-26,4322,202956.25,46.96,1368,2222,6,0.1388,12.86,175
2017-11-27,4471,192373.21,43.03,1364,2229,0,0.0,12.14,277
2017-11-28,4754,196773.03,41.39,1392,2333,7,0.1472,12.52,242
2017-11-29,4905,200152.74,40.81,1387,2374,5,0.1019,12.84,247
2017-11-30,4871,207498.44,42.6,1382,2344,12,0.2464,12.26,242
2017-12-01,4668,200970.14,43.05,1377,2305,0,0.0,13.02,213
2017-12-02,4963,218480.48,44.02,1397,2380,0,0.0,12.05,263
2017-12-03,4386,209206.43,47.7,1365,2236,17,0.3876,12.38,178
2017-12-04,4522,200184.77,44.27,1363,2285,0,0.0,13.07,247
2017-12-05,4838,199399.15,41.22,1382,2318,10,0.2067,11.78,238
2017-12-06,4768,195682.17,41.04,1378,2323,15,0.3146,12.16,233
2017-12-07,4774,196078.98,41.07,1363,2297,8,0.1676,12.63,222
2017-12-08,4857,201586.63,41.5,1368,2309,0,0.0,12.21,243
2017-12-09,4969,218179.84,43.91,1411,2372,0,0.0,12.58,238
2017-12-10,4188,192494.62,45.96,1339,2188,12,0.2865,12.97,186
2017-12-11,4557,193113.74,42.38,1373,2262,0,0.0,11.7,277
2017-12-12,4825,193449.71,40.09,1387,2354,21,0.4352,12.23,230
2017-12-13,4787,202859.34,42.38,1403,2352,8,0.1671,12.16,209
2017-12-14,4810,206740.08,42.98,1384,2371,9,0.1871,12.2,240
2017-12-15,4881,203996.06,41.79,1398,2378,0,0.0,12.33,235
2017-12-16,4903,220516.41,44.98,1388,2332,0,0.0,12.3,228
2017-12-17,4432,199999.86,45.13,1364,2257,10,0.2256,12.79,200
2017-12-18,4481,196382.84,43.83,1359,2251,0,0.0,12.68,251
2017-12-19,4848,194204.04,40.06,1401,2353,17,0.3507,12.5,237
2017-12-20,4705,208424.93,44.3,1373,2284,13,0.2763,13.11,215
2017-12-21,4758,196765.64,41.35,1380,2355,6,0.1261,12.3,211
2017-12-22,4820,193780.7,40.2,1402,2363,0,0.0,12.12,199
2017-12-23,4840,205413.38,42.44,1375,2314,0,0.0,12.11,223
2017-12-24,4226,201681.3,47.72,1350,2226,10,0.2366,13.42,159
2017-12-25,5060,185474.97,36.66,1379,2375,0,0.0,13.6,284
2017-12-26,4737,190079.2,40.13,1383,2325,11,0.2322,11.93,210
2017-12-27,4766,192152.25,40.32,1395,2344,9,0.1888,11.79,223
2017-12-28,4724,195849.98,41.46,1380,2286,6,0.127,11.71,212
2017-12-29,4835,194316.38,40.19,1393,2356,0,0.0,12.53,239
2017-12-30,4992,214625.21,42.99,1397,2366,0,0.0,11.58,273
2017-12-31,4319,196204.55,45.43,1368,2266,15,0.3473,12.99,183
2018-01-01,5061,186705.53,36.89,1389,2375,12,0.2371,14.21,276
2018-01-02,4343,197685.64,45.52,1375,2257,0,0.0,13.72,173
2018-01-03,4819,206358.27,42.82,1380,2314,11,0.2283,12.1,222
2018-01-04,4779,204847.47,42.86,1406,2366,8,0.1674,12.3,214
2018-01-05,4799,208550.79,43.46,1383,2342,7,0.1459,12.79,214
2018-01-06,4737,194489.89,41.06,1395,2343,0,0.0,12.01,234
2018-01-07,4980,218020.43,43.78,1395,2353,0,0.0,12.15,257
2018-01-08,4300,204003.65,47.44,1375,2242,2,0.0465,13.53,175
2018-01-09,4398,197349.26,44.87,1375,2250,0,0.0,12.48,238
2018-01-10,4960,208529.21,42.04,1403,2383,15,0.3024,12.18,219
2018-01-11,4740,201312.76,42.47,1384,2342,10,0.211,12.15,220
2018-01-12,4797,198314.26,41.34,1399,2320,10,0.2085,12.57,209
2018-01-13,4747,193171.89,40.69,1391,2365,0,0.0,12.43,202
2018-01-14,4813,208012.69,43.22,1402,2370,0,0.0,11.99,210
2018-01-15,4424,204586.12,46.24,1378,2271,3,0.0678,13.22,187
2018-01-16,4456,187930.36,42.17,1384,2279,0,0.0,13.62,217
2018-01-17,4885,183363.27,37.54,1383,2345,4,0.0819,15.76,206
2018-01-18,4849,203046.45,41.87,1384,2355,5,0.1031,12.08,229
2018-01-19,4843,200523.73,41.4,1404,2382,4,0.0826,12.02,215
2018-01-20,4898,204628.73,41.78,1378,2366,0,0.0,12.31,224
2018-01-21,4875,218486.9,44.82,1404,2359,0,0.0,12.78,232
2018-01-22,4438,203605.05,45.88,1369,2231,9,0.2028,12.75,191
2018-01-23,4491,187884.24,41.84,1365,2248,0,0.0,13.25,264
2018-01-24,4915,201560.28,41.01,1400,2361,8,0.1628,11.92,229
2018-01-25,4908,203113.13,41.38,1405,2333,8,0.163,12.45,241
2018-01-26,4845,212207.97,43.8,1389,2345,8,0.1651,12.34,234
2018-01-27,4774,200413.82,41.98,1384,2289,0,0.0,12.07,223
2018-01-28,4800,212407.5,44.25,1383,2350,0,0.0,11.67,238
2018-01-29,4431,203286.94,45.88,1358,2277,7,0.158,13.29,185
2018-01-30,4500,192851.06,42.86,1382,2312,0,0.0,12.56,251
2018-01-31,4752,193565.99,40.73,1392,2304,14,0.2946,11.24,230
2018-02-01,4767,201171.87,42.2,1384,2344,10,0.2098,12.02,202
2018-02-02,4752,193161.5,40.65,1376,2326,14,0.2946,11.55,237
2018-02-03,4809,197208.02,41.01,1413,2387,0,0.0,12.44,236
2018-02-04,4826,210984.73,43.72,1382,2347,0,0.0,11.36,229
2018-02-05,4359,209763.53,48.12,1363,2216,14,0.3212,12.64,188
2018-02-06,4365,188844.94,43.26,1344,2237,0,0.0,13.15,246
2018-02-07,4954,205455.19,41.47,1402,2339,14,0.2826,11.73,249
2018-02-08,4685,203513.44,43.44,1373,2286,6,0.1281,12.89,214
2018-02-09,4752,197294.87,41.52,1363,2308,7,0.1473,13.07,240
2018-02-10,4839,205468.56,42.46,1396,2324,0,0.0,11.86,244
2018-02-11,4901,227195.69,46.36,1372,2327,0,0.0,12.1,249
2018-02-12,4297,199833.75,46.51,1340,2193,12,0.2793,12.68,190
2018-02-13,4394,181854.57,41.39,1371,2239,0,0.0,12.24,253
2018-02-14,4751,197428.48,41.56,1383,2332,9,0.1894,11.6,188
2018-02-15,4837,215552.94,44.56,1385,2402,10,0.2067,12.03,221
2018-02-16,4745,203322.26,42.85,1391,2320,12,0.2529,12.2,232
2018-02-17,4725,193414.8,40.93,1381,2316,0,0.0,12.42,232
2018-02-18,4870,216387.48,44.43,1384,2321,0,0.0,12.28,241
2018-02-19,4186,202832.1,48.45,1347,2218,13,0.3106,12.88,171
2018-02-20,4409,193421.09,43.87,1368,2258,0,0.0,12.52,250
2018-02-21,4999,191532.11,38.31,1382,2364,9,0.18,14.9,226
2018-02-22,4837,199321.57,41.21,1396,2360,12,0.2481,12.57,221
2018-02-23,4850,195723.32,40.36,1393,2372,11,0.2268,11.88,237
2018-02-24,4797,199043.66,41.49,1388,2378,0,0.0,12.63,221
2018-02-25,4864,221143.3,45.47,1383,2351,0,0.0,12.89,235
2018-02-26,4479,212017.74,47.34,1361,2265,16,0.3572,12.39,206
2018-02-27,4445,185908.74,41.82,1373,2253,1,0.0225,12.89,247
2018-02-28,4782,199963.51,41.82,1367,2338,13,0.2719,13.01,218
2018-03-01,4748,198831.01,41.88,1384,2345,10,0.2106,12.76,221
2018-03-02,4806,202018.93,42.03,1384,2353,19,0.3953,11.55,236
2018-03-03,4856,204798.75,42.17,1397,2372,0,0.0,12.52,228
2018-03-04,4796,215328.75,44.9,1385,2360,0,0.0,13.07,228
2018-03-05,4287,201597.55,47.03,1355,2254,7,0.1633,12.74,179
2018-03-06,4537,186864.13,41.19,1365,2256,0,0.0,13.27,261
2018-03-07,4824,198214.59,41.09,1375,2345,20,0.4146,11.77,230
2018-03-08,4939,212083.73,42.94,1378,2355,15,0.3037,12.21,265
2018-03-09,4903,202915.01,41.39,1386,2346,15,0.3059,11.81,234
2018-03-10,4813,207685.62,43.15,1391,2381,2,0.0416,11.91,221
2018-03-11,4828,214742.93,44.48,1399,2358,4,0.0829,12.45,220
2018-03-12,4315,199218.4,46.17,1356,2222,12,0.2781,12.0,189
2018-03-13,4409,189436.95,42.97,1361,2269,0,0.0,13.25,238
2018-03-14,4785,197488.96,41.27,1397,2317,7,0.1463,12.04,236
2018-03-15,4801,206420.34,43.0,1393,2332,12,0.2499,12.41,234
2018-03-16,4811,206630.38,42.95,1404,2338,7,0.1455,12.51,236
2018-03-17,4715,194019.5,41.15,1390,2323,2,0.0424,12.7,221
2018-03-18,4768,213711.86,44.82,1392,2356,0,0.0,11.81,209
2018-03-19,4341,195700.84,45.08,1357,2256,6,0.1382,11.36,191
2018-03-20,4497,198366.47,44.11,1366,2268,0,0.0,13.61,233
2018-03-21,4871,203915.57,41.86,1390,2339,21,0.4311,11.5,222
2018-03-22,4850,198065.13,40.84,1384,2377,17,0.3505,11.77,230
2018-03-23,4879,209958.29,43.03,1382,2369,13,0.2664,12.69,225
2018-03-24,4907,200914.45,40.94,1387,2357,0,0.0,12.25,227
2018-03-25,4858,212037.49,43.65,1403,2362,0,0.0,12.0,239
2018-03-26,4299,194230.22,45.18,1349,2243,12,0.2791,12.91,180
2018-03-27,4458,196924.11,44.17,1390,2284,0,0.0,12.11,255
2018-03-28,4804,198053.7,41.23,1382,2342,13,0.2706,12.8,211
2018-03-29,4868,210746.13,43.29,1387,2344,7,0.1438,12.49,234
2018-03-30,4762,201732.53,42.36,1384,2326,8,0.168,12.75,217
2018-03-31,4937,207019.01,41.93,1385,2357,0,0.0,11.83,244
2018-04-01,4813,222998.29,46.33,1379,2308,0,0.0,12.24,211
2018-04-02,4289,198848.8,46.36,1354,2213,14,0.3264,11.91,178
2018-04-03,4512,200654.43,44.47,1365,2263,0,0.0,12.61,245
2018-04-04,4896,200389.12,40.93,1388,2368,7,0.143,12.07,231
2018-04-05,4991,200871.81,40.25,1403,2377,14,0.2805,11.64,251
2018-04-06,4812,203984.4,42.39,1375,2351,16,0.3325,12.24,215
2018-04-07,4876,208530.68,42.77,1404,2389,0,0.0,12.45,223
2018-04-08,4921,215181.99,43.73,1400,2406,0,0.0,12.17,229
2018-04-09,4323,190882.27,44.16,1341,2226,28,0.6477,12.51,204
2018-04-10,4353,184284.64,42.34,1353,2234,0,0.0,12.68,233
2018-04-11,4799,204520.38,42.62,1389,2330,26,0.5418,12.04,221
2018-04-12,4901,199162.84,40.64,1393,2364,23,0.4693,12.18,233
2018-04-13,4842,195003.32,40.27,1393,2328,20,0.4131,12.35,222
2018-04-14,4805,192288.19,40.02,1385,2361,0,0.0,12.3,214
2018-04-15,5009,226618.83,45.24,1403,2372,0,0.0,12.08,250
2018-04-16,4370,200156.01,45.8,1373,2256,12,0.2746,12.95,182
2018-04-17,4478,189925.68,42.41,1343,2236,0,0.0,12.15,269
2018-04-18,4883,201744.29,41.32,1405,2373,18,0.3686,12.66,243
2018-04-19,4914,206098.65,41.94,1380,2361,17,0.346,11.66,251
2018-04-20,4823,203828.72,42.26,1394,2345,17,0.3525,12.65,216
2018-04-21,4807,200396.14,41.69,1374,2342,0,0.0,12.59,234
2018-04-22,4848,215047.43,44.36,1378,2346,0,0.0,12.54,231
2018-04-23,4479,206351.67,46.07,1381,2252,5,0.1116,12.9,212
2018-04-24,4453,194948.38,43.78,1384,2274,3,0.0674,11.79,227
2018-04-25,4881,208033.9,42.62,1378,2331,16,0.3278,11.72,249
2018-04-26,4825,201625.28,41.79,1393,2364,6,0.1244,12.81,228
2018-04-27,4805,196778.22,40.95,1393,2354,5,0.1041,12.3,233
2018-04-28,4814,200484.31,41.65,1371,2361,0,0.0,13.13,219
2018-04-29,4892,222696.7,45.52,1393,2355,0,0.0,12.33,236
2018-04-30,4274,200738.08,46.97,1344,2201,22,0.5147,11.61,188
2018-05-01,4400,191394.77,43.5,1361,2267,1,0.0227,12.73,254
2018-05-02,4678,187920.44,40.17,1390,2327,16,0.342,12.4,217
2018-05-03,4895,205136.04,41.91,1393,2349,6,0.1226,12.13,234
2018-05-04,4858,201412.51,41.46,1401,2377,16,0.3294,12.76,237
2018-05-05,4802,203581.25,42.4,1389,2305,0,0.0,12.18,232
2018-05-06,4981,219857.78,44.14,1403,2380,0,0.0,12.49,234
2018-05-07,4326,192505.72,44.5,1361,2222,13,0.3005,12.3,184
2018-05-08,4334,193413.81,44.63,1330,2200,0,0.0,12.78,226
2018-05-09,4908,203916.95,41.55,1391,2370,6,0.1222,12.61,241
2018-05-10,4832,214539.08,44.4,1373,2356,13,0.269,11.9,241
2018-05-11,4889,205076.87,41.95,1406,2414,9,0.1841,12.35,219
2018-05-12,4732,198596.97,41.97,1371,2328,0,0.0,12.0,238
2018-05-13,4896,217806.57,44.49,1397,2378,0,0.0,11.56,241
2018-05-14,4207,200330.73,47.62,1356,2197,15,0.3565,12.62,172
2018-05-15,4419,187391.09,42.41,1367,2261,0,0.0,12.67,252
2018-05-16,4791,194336.0,40.56,1370,2311,8,0.167,11.56,235
2018-05-17,4704,201136.57,42.76,1387,2313,2,0.0425,11.56,234
2018-05-18,4776,200960.86,42.08,1390,2339,3,0.0628,12.6,225
2018-05-19,4823,201106.54,41.7,1396,2344,0,0.0,12.23,229
2018-05-20,4907,211785.93,43.16,1400,2349,0,0.0,12.49,256
2018-05-21,4282,198272.65,46.3,1369,2220,11,0.2569,12.4,169
2018-05-22,4346,192410.16,44.27,1373,2235,0,0.0,12.66,232
2018-05-23,4790,191842.44,40.05,1389,2362,8,0.167,11.86,229
2018-05-24,4847,200135.97,41.29,1383,2353,6,0.1238,11.9,253
2018-05-25,4742,186894.29,39.41,1389,2355,4,0.0844,11.7,222
2018-05-26,4845,206323.08,42.58,1404,2411,0,0.0,12.38,243
2018-05-27,4906,216267.76,44.08,1391,2351,0,0.0,12.01,247
2018-05-28,4234,202926.35,47.93,1355,2229,14,0.3307,13.39,166
2018-05-29,4463,190191.18,42.62,1355,2263,0,0.0,12.84,266
2018-05-30,4957,189775.42,38.28,1377,2367,9,0.1816,15.09,219
2018-05-31,4868,207580.09,42.64,1410,2386,7,0.1438,12.22,221
2018-06-01,4734,205196.27,43.35,1392,2343,22,0.4647,12.0,210
2018-06-02,4795,204219.59,42.59,1379,2313,0,0.0,11.99,228
2018-06-03,4919,220048.79,44.73,1389,2369,1,0.0203,12.12,237
2018-06-04,4228,194092.07,45.91,1339,2167,19,0.4494,12.54,193
2018-06-05,4551,189746.36,41.69,1372,2257,1,0.022,12.2,264
2018-06-06,4928,208995.22,42.41,1389,2371,7,0.142,12.2,221
2018-06-07,4908,205242.84,41.82,1402,2381,11,0.2241,12.06,234
2018-06-08,4757,203841.52,42.85,1374,2298,6,0.1261,12.7,224
2018-06-09,4856,200014.52,41.19,1383,2360,0,0.0,12.81,231
2018-06-10,4825,211918.96,43.92,1387,2357,0,0.0,12.77,230
2018-06-11,4327,198424.47,45.86,1354,2209,4,0.0924,12.36,194
2018-06-12,4312,206976.43,48.0,1359,2244,0,0.0,13.06,192
2018-06-13,4856,202496.48,41.7,1379,2372,13,0.2677,13.14,225
2018-06-14,4926,203691.64,41.35,1391,2359,5,0.1015,12.97,230
2018-06-15,4956,205582.41,41.48,1392,2369,8,0.1614,12.81,235
2018-06-16,4843,205810.03,42.5,1396,2338,0,0.0,12.1,243
2018-06-17,4981,226416.59,45.46,1390,2366,0,0.0,12.47,233
2018-06-18,4388,204252.75,46.55,1352,2240,5,0.1139,12.42,188
2018-06-19,4403,181627.9,41.25,1363,2247,0,0.0,11.92,250
2018-06-20,4783,195425.73,40.86,1400,2345,3,0.0627,12.59,223
2018-06-21,4758,205081.24,43.1,1388,2330,3,0.0631,13.11,220
2018-06-22,4832,195486.54,40.46,1390,2332,4,0.0828,11.18,233
2018-06-23,4830,200794.44,41.57,1391,2343,0,0.0,12.59,231
2018-06-24,4891,224725.23,45.95,1380,2398,0,0.0,12.12,218
2018-06-25,4342,199029.34,45.84,1368,2228,8,0.1842,12.53,176
2018-06-26,4533,197563.81,43.58,1376,2277,0,0.0,12.13,254
2018-06-27,4743,204901.93,43.2,1385,2342,16,0.3373,12.33,199
2018-06-28,4806,211042.06,43.91,1401,2353,11,0.2289,12.71,219
2018-06-29,4898,196673.41,40.15,1408,2401,7,0.1429,11.78,224
2018-06-30,4918,206160.86,41.92,1387,2341,0,0.0,12.59,238
2018-07-01,4929,229758.53,46.61,1389,2378,0,0.0,12.17,235
2018-07-02,4397,208448.44,47.41,1357,2235,11,0.2502,13.17,195
2018-07-03,4525,188885.01,41.74,1365,2260,0,0.0,12.49,267
2018-07-04,4814,176859.31,36.74,1394,2362,11,0.2285,15.21,196
2018-07-05,4952,214701.02,43.36,1409,2394,15,0.3029,11.23,237
2018-07-06,4831,193140.9,39.98,1391,2363,12,0.2484,10.95,237
2018-07-07,4866,201338.38,41.38,1391,2367,1,0.0206,12.43,240
2018-07-08,4763,204868.59,43.01,1424,2366,0,0.0,12.05,221
2018-07-09,4427,208960.32,47.2,1377,2293,10,0.2259,13.08,189
2018-07-10,4551,196107.35,43.09,1377,2288,0,0.0,12.37,254
2018-07-11,4786,191037.78,39.92,1390,2330,17,0.3552,11.72,249
2018-07-12,4832,201007.28,41.6,1401,2368,10,0.207,12.33,222
2018-07-13,4735,204005.82,43.08,1379,2336,6,0.1267,11.93,227
2018-07-14,4892,213341.05,43.61,1405,2399,0,0.0,12.24,222
2018-07-15,4850,212492.64,43.81,1402,2355,0,0.0,12.0,224
2018-07-16,4447,217929.82,49.01,1355,2259,7,0.1574,12.39,182
2018-07-17,4475,188849.99,42.2,1362,2237,0,0.0,12.51,280
2018-07-18,4912,203781.82,41.49,1393,2391,1,0.0204,11.77,213
2018-07-19,4931,213203.73,43.24,1385,2356,8,0.1622,12.11,253
2018-07-20,4910,212526.9,43.28,1403,2346,7,0.1426,11.69,241
2018-07-21,4893,201715.3,41.23,1411,2380,0,0.0,11.96,244
2018-07-22,5053,224389.79,44.41,1396,2367,1,0.0198,11.52,249
2018-07-23,4397,200428.47,45.58,1357,2266,7,0.1592,12.53,203
2018-07-24,4378,188543.01,43.07,1363,2251,0,0.0,12.91,227
2018-07-25,4779,199370.51,41.72,1389,2345,9,0.1883,12.35,232
2018-07-26,4827,199781.24,41.39,1397,2344,5,0.1036,12.12,233
2018-07-27,4895,209874.64,42.88,1403,2392,11,0.2247,12.22,245
2018-07-28,4868,202670.98,41.63,1399,2362,0,0.0,12.74,225
2018-07-29,4930,220089.9,44.64,1396,2362,0,0.0,12.74,214
2018-07-30,4337,195907.47,45.17,1375,2257,7,0.1614,12.66,191
2018-07-31,4456,199915.97,44.86,1366,2270,0,0.0,13.2,228
2018-08-01,4841,195562.71,40.4,1405,2360,18,0.3718,11.34,231
2018-08-02,4851,201463.73,41.53,1386,2328,14,0.2886,12.86,236
2018-08-03,4873,207560.48,42.59,1394,2363,6,0.1231,12.91,219
2018-08-04,4698,195805.59,41.68,1386,2271,0,0.0,11.77,235
2018-08-05,4777,215856.61,45.19,1381,2334,0,0.0,12.66,209
2018-08-06,4374,207842.17,47.52,1369,2227,7,0.16,12.73,194
2018-08-07,4374,188499.76,43.1,1340,2217,0,0.0,12.96,259
2018-08-08,4973,204998.77,41.22,1384,2354,20,0.4022,12.17,263
2018-08-09,4784,201364.96,42.09,1371,2308,11,0.2299,12.44,240
2018-08-10,4730,194158.95,41.05,1382,2322,8,0.1691,12.68,221
2018-08-11,4870,214609.16,44.07,1386,2352,0,0.0,13.26,222
2018-08-12,4882,209097.01,42.83,1383,2344,0,0.0,12.58,219
2018-08-13,4422,200563.17,45.36,1368,2252,12,0.2714,12.82,186
2018-08-14,4363,186867.11,42.83,1379,2220,0,0.0,12.26,243
2018-08-15,5035,214690.26,42.64,1399,2415,19,0.3774,12.25,251
2018-08-16,4754,195110.23,41.04,1404,2362,3,0.0631,11.82,220
2018-08-17,4916,196759.06,40.02,1393,2375,11,0.2238,12.75,249
2018-08-18,4810,207413.38,43.12,1410,2386,0,0.0,12.7,210
2018-08-19,4877,220762.7,45.27,1392,2382,0,0.0,12.2,229
2018-08-20,4419,204276.45,46.23,1363,2236,15,0.3394,12.9,201
2018-08-21,4530,205129.97,45.28,1377,2253,1,0.0221,12.47,278
2018-08-22,4744,199425.69,42.04,1381,2305,7,0.1476,12.98,227
2018-08-23,4978,208611.69,41.91,1387,2364,12,0.2411,12.92,248
2018-08-24,4897,204842.5,41.83,1384,2348,8,0.1634,12.35,229
2018-08-25,4850,210139.81,43.33,1397,2365,0,0.0,12.52,215
2018-08-26,4899,215073.78,43.9,1389,2391,0,0.0,12.47,240
2018-08-27,4452,200450.49,45.02,1379,2293,8,0.1797,12.62,183
2018-08-28,4367,184036.2,42.14,1353,2216,0,0.0,13.37,234
2018-08-29,4924,198171.93,40.25,1398,2377,12,0.2437,12.43,237
2018-08-30,4917,201320.31,40.94,1401,2349,11,0.2237,12.47,257
2018-08-31,4802,200527.09,41.76,1386,2354,13,0.2707,11.95,225
2018-09-01,4873,203646.72,41.79,1380,2338,0,0.0,11.96,252
2018-09-02,4867,214406.14,44.05,1392,2379,1,0.0205,11.46,248
2018-09-03,4350,196049.3,45.07,1390,2244,16,0.3678,12.44,180
2018-09-04,4452,195732.6,43.97,1368,2254,0,0.0,11.86,242
2018-09-05,4945,179368.74,36.27,1385,2373,15,0.3033,14.78,213
2018-09-06,4757,189140.24,39.76,1388,2362,17,0.3574,12.3,225
2018-09-07,4682,193845.35,41.4,1384,2297,23,0.4912,12.24,212
2018-09-08,4908,208999.12,42.58,1396,2385,0,0.0,12.88,233
2018-09-09,4950,219713.75,44.39,1384,2358,0,0.0,11.23,223
2018-09-10,4368,212527.78,48.66,1371,2221,21,0.4808,12.71,175
2018-09-11,4422,184768.53,41.78,1369,2238,0,0.0,12.28,223
2018-09-12,4762,203712.25,42.78,1389,2358,20,0.42,11.7,219
2018-09-13,4835,202376.5,41.86,1375,2328,18,0.3723,11.46,263
2018-09-14,4847,196269.62,40.49,1392,2342,14,0.2888,12.46,222
2018-09-15,4759,199073.03,41.83,1394,2356,0,0.0,12.27,216
2018-09-16,4894,219224.34,44.79,1393,2354,0,0.0,12.46,237
2018-09-17,4290,204854.19,47.75,1358,2196,9,0.2098,12.84,176
2018-09-18,4539,209889.88,46.24,1368,2256,0,0.0,13.09,258
2018-09-19,4843,196821.61,40.64,1405,2364,13,0.2684,12.14,235
2018-09-20,4782,208989.65,43.7,1395,2363,13,0.2719,12.53,203
2018-09-21,4795,205855.72,42.93,1393,2341,17,0.3545,12.03,251
2018-09-22,4740,189838.28,40.05,1387,2350,2,0.0422,11.9,228
2018-09-23,4855,204802.78,42.18,1397,2357,0,0.0,11.18,239
2018-09-24,4274,199062.34,46.58,1368,2185,23,0.5381,12.85,190
2018-09-25,4415,195852.87,44.36,1373,2232,0,0.0,12.12,232
2018-09-26,4790,200649.33,41.89,1389,2335,13,0.2714,12.76,223
2018-09-27,5016,207716.46,41.41,1382,2371,14,0.2791,12.56,270
2018-09-28,4761,201221.21,42.26,1404,2379,13,0.2731,12.1,207
2018-09-29,4841,204337.72,42.21,1397,2368,0,0.0,11.59,226
2018-09-30,4945,213201.76,43.11,1406,2417,0,0.0,12.03,229
2018-10-01,4295,188128.29,43.8,1355,2237,14,0.326,12.6,189
2018-10-02,4480,188960.44,42.18,1366,2280,0,0.0,12.7,236
2018-10-03,4783,189752.4,39.67,1407,2356,11,0.23,12.57,223
2018-10-04,4731,195707.54,41.37,1401,2323,17,0.3593,12.51,209
2018-10-05,4825,201773.08,41.82,1377,2370,10,0.2073,12.29,237
2018-10-06,4922,205579.26,41.77,1387,2351,0,0.0,12.11,245
2018-10-07,4825,215341.45,44.63,1411,2356,0,0.0,12.29,229
2018-10-08,4403,209156.89,47.5,1367,2236,7,0.159,12.56,184
2018-10-09,4373,185856.33,42.5,1363,2255,0,0.0,12.12,245
2018-10-10,4906,207216.47,42.24,1405,2388,9,0.1834,12.96,210
2018-10-11,4679,192242.58,41.09,1380,2320,5,0.1069,12.03,212
2018-10-12,4845,208665.92,43.07,1398,2348,7,0.1445,12.34,208
2018-10-13,4866,199136.19,40.92,1393,2382,0,0.0,12.41,239
2018-10-14,4795,219600.56,45.8,1379,2346,0,0.0,11.76,217
2018-10-15,4318,203447.98,47.12,1369,2217,10,0.2316,11.95,194
2018-10-16,4295,179130.8,41.71,1363,2186,0,0.0,12.76,240
2018-10-17,4931,205372.86,41.65,1391,2352,8,0.1622,12.31,251
2018-10-18,4824,209815.89,43.49,1400,2335,7,0.1451,12.02,222
2018-10-19,4992,211198.11,42.31,1386,2353,5,0.1002,12.44,252
2018-10-20,4837,208678.77,43.14,1392,2352,0,0.0,12.71,226
2018-10-21,4921,215786.8,43.85,1402,2354,0,0.0,12.27,240
2018-10-22,4268,190725.06,44.69,1360,2241,10,0.2343,12.49,187
2018-10-23,4457,188797.49,42.36,1371,2277,0,0.0,12.81,252
2018-10-24,4877,205044.07,42.04,1380,2335,7,0.1435,12.32,250
2018-10-25,4875,199954.69,41.02,1420,2332,20,0.4103,12.18,232
2018-10-26,4880,203761.3,41.75,1387,2372,2,0.041,12.15,235
2018-10-27,4805,205050.32,42.67,1401,2374,0,0.0,11.57,217
2018-10-28,4889,221194.48,45.24,1413,2363,0,0.0,12.29,238
2018-10-29,4311,208260.15,48.31,1365,2207,14,0.3248,12.94,185
2018-10-30,4437,183654.72,41.39,1380,2256,0,0.0,13.07,242
2018-10-31,4828,204244.32,42.3,1398,2354,18,0.3728,11.87,217
2018-11-01,4797,202179.16,42.15,1406,2339,12,0.2502,12.78,216
2018-11-02,5040,204276.11,40.53,1397,2369,22,0.4365,12.04,243
2018-11-03,4821,199920.08,41.47,1398,2365,0,0.0,12.28,228
2018-11-04,4851,216520.7,44.63,1384,2339,0,0.0,12.37,247
2018-11-05,4396,201269.45,45.78,1360,2220,15,0.3412,12.31,207
2018-11-06,4437,194765.57,43.9,1364,2203,0,0.0,11.99,251
2018-11-07,4821,200614.15,41.61,1397,2388,12,0.2489,11.99,217
2018-11-08,4773,191798.56,40.18,1395,2321,9,0.1886,11.25,233
2018-11-09,4847,210734.55,43.48,1399,2318,17,0.3507,11.7,227
2018-11-10,4862,201179.2,41.38,1389,2363,5,0.1028,11.7,243
2018-11-11,4812,212910.47,44.25,1399,2348,0,0.0,11.58,209
2018-11-12,4294,204693.01,47.67,1367,2231,18,0.4192,12.53,159
2018-11-13,4426,192468.99,43.49,1370,2241,1,0.0226,12.92,261
2018-11-14,4821,197747.24,41.02,1407,2392,5,0.1037,12.53,220
2018-11-15,4804,199609.28,41.55,1412,2365,15,0.3122,12.01,223
2018-11-16,4866,208162.75,42.78,1392,2347,24,0.4932,12.35,227
2018-11-17,4803,209470.35,43.61,1392,2342,9,0.1874,12.64,229
2018-11-18,4865,213359.71,43.86,1411,2383,1,0.0206,12.0,230
2018-11-19,4318,201165.68,46.59,1356,2224,12,0.2779,13.22,192
2018-11-20,4422,195336.4,44.17,1390,2276,4,0.0905,11.99,249
2018-11-21,4742,200611.77,42.31,1379,2306,8,0.1687,11.58,220
2018-11-22,4877,201133.28,41.24,1396,2351,16,0.3281,12.26,223
2018-11-23,4795,196363.26,40.95,1394,2327,16,0.3337,12.41,230
2018-11-24,5040,190174.97,37.73,1403,2407,18,0.3571,15.0,213
2018-11-25,4944,230117.54,46.54,1408,2395,0,0.0,12.68,233
2018-11-26,4331,211569.45,48.85,1364,2248,20,0.4618,13.74,184
2018-11-27,4492,195798.64,43.59,1375,2254,0,0.0,13.02,279
2018-11-28,4876,205099.55,42.06,1393,2372,7,0.1436,11.85,232
2018-11-29,4842,198136.71,40.92,1410,2366,6,0.1239,12.35,227
2018-11-30,4828,202848.72,42.02,1397,2338,28,0.58,12.14,234
2018-12-01,4879,208744.18,42.78,1395,2352,23,0.4714,13.61,220
2018-12-02,4852,211553.69,43.6,1396,2346,0,0.0,12.04,243
2018-12-03,4294,197340.05,45.96,1366,2240,15,0.3493,12.74,174
2018-12-04,4452,190277.47,42.74,1362,2248,2,0.0449,12.29,249
2018-12-05,4792,191513.99,39.97,1384,2329,16,0.3339,12.58,222
2018-12-06,4918,205880.82,41.86,1398,2358,7,0.1423,12.34,230
2018-12-07,4850,194630.02,40.13,1403,2375,6,0.1237,12.12,228
2018-12-08,4836,202687.71,41.91,1402,2385,0,0.0,11.46,232
2018-12-09,4918,215655.82,43.85,1417,2368,0,0.0,12.34,216
2018-12-10,4244,193010.2,45.48,1362,2214,9,0.2121,12.79,172
2018-12-11,4400,198663.18,45.15,1372,2231,0,0.0,13.11,234
2018-12-12,4741,194352.72,40.99,1368,2308,12,0.2531,12.15,227
2018-12-13,4687,181900.6,38.81,1387,2265,7,0.1493,12.25,221
2018-12-14,4960,212402.45,42.82,1410,2389,13,0.2621,12.1,240
2018-12-15,4844,197477.6,40.77,1388,2323,0,0.0,12.41,256
2018-12-16,4906,223306.97,45.52,1423,2409,0,0.0,12.33,207
2018-12-17,4392,202718.19,46.16,1359,2226,21,0.4781,12.98,189
2018-12-18,4576,208700.26,45.61,1387,2309,0,0.0,12.85,257
2018-12-19,4753,194514.94,40.92,1397,2326,20,0.4208,12.08,225
2018-12-20,4832,198092.63,41.0,1394,2313,10,0.207,12.44,221
2018-12-21,4822,198966.58,41.26,1381,2320,9,0.1866,11.3,247
2018-12-22,4747,193541.22,40.77,1380,2268,0,0.0,12.05,233
2018-12-23,4819,209173.91,43.41,1379,2316,0,0.0,12.43,218
2018-12-24,4290,211226.03,49.24,1374,2211,9,0.2098,12.75,163
2018-12-25,5174,188484.96,36.43,1395,2378,2,0.0387,14.44,293
2018-12-26,4845,204115.67,42.13,1389,2346,16,0.3302,12.53,218
2018-12-27,4847,198797.34,41.01,1403,2382,7,0.1444,12.71,233
2018-12-28,4893,204091.13,41.71,1399,2369,11,0.2248,12.51,224
2018-12-29,4721,186540.84,39.51,1390,2315,0,0.0,12.77,222
2018-12-30,4758,204613.35,43.0,1391,2362,0,0.0,12.13,213
2018-12-31,4221,187434.08,44.41,1351,2179,14,0.3317,12.79,184
2019-01-01,5100,174304.85,34.18,1385,2362,11,0.2157,14.51,283
2019-01-02,4152,202550.74,48.78,1342,2171,0,0.0,12.84,166
2019-01-03,4797,199771.82,41.65,1400,2349,14,0.2918,11.92,230
2019-01-04,4884,202324.7,41.43,1388,2338,11,0.2252,12.08,247
2019-01-05,4785,203304.37,42.49,1392,2343,1,0.0209,12.5,225
2019-01-06,4881,205508.73,42.1,1416,2381,0,0.0,12.68,223
2019-01-07,4898,219383.66,44.79,1374,2346,0,0.0,11.76,233
2019-01-08,4295,196608.12,45.78,1357,2223,14,0.326,12.04,170
2019-01-09,4429,189855.22,42.87,1381,2279,2,0.0452,12.4,239
2019-01-10,4890,200219.26,40.94,1397,2330,10,0.2045,12.45,258
2019-01-11,4752,195169.0,41.07,1400,2352,4,0.0842,12.12,232
2019-01-12,4908,206542.65,42.08,1401,2385,15,0.3056,12.73,232
2019-01-13,4822,214317.17,44.45,1398,2336,0,0.0,12.55,246
2019-01-14,4965,217793.3,43.87,1407,2393,0,0.0,12.31,250
2019-01-15,4347,198150.51,45.58,1363,2231,7,0.161,12.45,192
2019-01-16,4357,193074.57,44.31,1348,2197,0,0.0,13.77,245
2019-01-17,4965,179535.61,36.16,1387,2356,9,0.1813,15.19,238
2019-01-18,4752,195702.6,41.18,1400,2357,10,0.2104,12.25,214
2019-01-19,4882,207004.59,42.4,1398,2375,7,0.1434,12.43,228
2019-01-20,4774,199117.98,41.71,1383,2354,0,0.0,11.69,226
2019-01-21,4938,221860.75,44.93,1410,2350,0,0.0,12.49,240
2019-01-22,4377,201708.42,46.08,1371,2220,11,0.2513,12.89,198
2019-01-23,4355,183912.59,42.23,1379,2228,1,0.023,12.7,252
2019-01-24,4911,209850.09,42.73,1403,2393,8,0.1629,12.05,215
2019-01-25,4815,207349.7,43.06,1399,2324,15,0.3115,12.52,227
2019-01-26,4868,198062.71,40.69,1395,2345,20,0.4108,12.16,217
2019-01-27,4857,208036.44,42.83,1405,2390,0,0.0,12.35,233
2019-01-28,4841,208595.5,43.09,1391,2339,0,0.0,11.69,240
2019-01-29,4258,187676.98,44.08,1361,2221,14,0.3288,12.07,194
2019-01-30,4324,188076.31,43.5,1353,2239,0,0.0,12.77,214
2019-01-31,4918,203219.5,41.32,1404,2385,19,0.3863,11.69,249
2019-02-01,4785,204120.52,42.66,1398,2322,13,0.2717,12.1,220
2019-02-02,4861,201024.4,41.35,1390,2349,16,0.3292,12.22,232
2019-02-03,4918,208991.53,42.5,1403,2354,0,0.0,11.79,234
2019-02-04,4895,215927.61,44.11,1371,2337,0,0.0,12.16,225
2019-02-05,4255,196657.56,46.22,1366,2194,8,0.188,13.02,167
2019-02-06,4410,184628.81,41.87,1383,2266,0,0.0,12.7,259
2019-02-07,4960,208210.85,41.98,1399,2405,4,0.0806,12.32,233
2019-02-08,4813,198791.39,41.3,1400,2353,5,0.1039,12.42,230
2019-02-09,4803,193749.98,40.34,1395,2311,3,0.0625,11.76,239
2019-02-10,4804,198495.45,41.32,1393,2343,0,0.0,11.8,231
2019-02-11,4983,223875.24,44.93,1407,2353,0,0.0,12.2,241
2019-02-12,4409,198753.09,45.08,1372,2219,12,0.2722,12.68,219
2019-02-13,4329,182105.29,42.07,1360,2219,0,0.0,12.43,254
2019-02-14,4769,198608.99,41.65,1385,2309,11,0.2307,12.87,206
2019-02-15,4946,209139.07,42.28,1414,2340,14,0.2831,12.11,237
2019-02-16,4899,211111.17,43.09,1396,2333,15,0.3062,11.64,238
2019-02-17,4998,212205.35,42.46,1400,2378,0,0.0,11.94,258
2019-02-18,4844,218203.31,45.05,1416,2376,0,0.0,11.46,232
2019-02-19,4292,199161.71,46.4,1360,2240,13,0.3029,13.16,183
2019-02-20,4432,193248.08,43.6,1359,2208,0,0.0,12.21,240
2019-02-21,4944,179473.1,36.3,1397,2355,8,0.1618,14.85,229
2019-02-22,4808,207080.12,43.07,1395,2353,12,0.2496,12.04,225
2019-02-23,4755,203824.36,42.87,1389,2298,11,0.2313,12.16,225
2019-02-24,4816,205412.72,42.65,1376,2312,0,0.0,12.71,216
2019-02-25,4991,222351.95,44.55,1396,2350,1,0.02,11.88,273
2019-02-26,4253,200131.69,47.06,1365,2235,4,0.0941,12.65,182
2019-02-27,4318,181235.55,41.97,1371,2237,0,0.0,12.39,227
2019-02-28,4812,199853.16,41.53,1414,2359,6,0.1247,11.8,238
2019-03-01,4708,201044.78,42.7,1392,2292,5,0.1062,12.96,202
2019-03-02,4852,199386.51,41.09,1414,2357,6,0.1237,12.1,246
2019-03-03,4922,209792.25,42.62,1406,2379,0,0.0,12.8,228
2019-03-04,4854,215115.87,44.32,1404,2351,0,0.0,12.63,235
2019-03-05,4338,200221.2,46.16,1373,2209,3,0.0692,12.98,194
2019-03-06,4483,191337.68,42.68,1398,2281,0,0.0,12.54,243
2019-03-07,4866,211685.39,43.5,1383,2350,9,0.185,12.64,230
2019-03-08,4919,203375.34,41.34,1412,2361,19,0.3863,12.77,232
2019-03-09,5013,202386.36,40.37,1420,2397,14,0.2793,11.91,263
2019-03-10,4920,209847.64,42.65,1410,2391,0,0.0,12.85,248
2019-03-11,4906,221619.25,45.17,1428,2435,0,0.0,11.56,226
2019-03-12,4334,198243.43,45.74,1373,2217,14,0.323,12.46,202
2019-03-13,4331,195627.16,45.17,1365,2204,2,0.0462,11.54,229
2019-03-14,4778,203685.11,42.63,1389,2337,13,0.2721,12.18,222
2019-03-15,4935,196304.91,39.78,1390,2342,13,0.2634,11.65,246
2019-03-16,4839,203107.31,41.97,1393,2370,8,0.1653,11.18,233
2019-03-17,4906,210326.63,42.87,1411,2364,0,0.0,12.27,233
2019-03-18,5053,214393.41,42.43,1412,2431,0,0.0,11.32,254
2019-03-19,4352,198924.68,45.71,1366,2251,17,0.3906,12.73,195
2019-03-20,4408,182908.33,41.49,1375,2222,0,0.0,12.75,260
2019-03-21,4985,208597.61,41.85,1400,2363,22,0.4413,12.44,241
2019-03-22,4936,209369.91,42.42,1409,2397,10,0.2026,11.89,252
2019-03-23,4948,209571.23,42.35,1406,2334,9,0.1819,12.39,265
2019-03-24,4765,199595.44,41.89,1390,2331,0,0.0,12.13,204
2019-03-25,4807,220437.15,45.86,1394,2318,3,0.0624,12.71,230
2019-03-26,4375,197749.88,45.2,1370,2231,8,0.1829,12.37,207
2019-03-27,4364,188100.19,43.1,1360,2196,0,0.0,12.6,230
2019-03-28,4751,201883.99,42.49,1416,2321,14,0.2947,12.31,217
2019-03-29,4895,206002.62,42.08,1395,2349,13,0.2656,12.22,230
2019-03-30,4832,201404.14,41.68,1395,2343,13,0.269,12.17,234
2019-03-31,4827,199667.38,41.36,1408,2331,0,0.0,12.14,220
2019-04-01,4843,215211.09,44.44,1398,2343,0,0.0,11.36,251
2019-04-02,4345,199541.37,45.92,1376,2241,13,0.2992,12.91,181
2019-04-03,4374,188820.67,43.17,1381,2236,0,0.0,12.44,223
2019-04-04,4888,214149.54,43.81,1404,2365,15,0.3069,11.89,245
2019-04-05,4752,199952.18,42.08,1387,2324,18,0.3788,12.27,198
2019-04-06,4790,201591.99,42.09,1412,2389,9,0.1879,12.03,204
2019-04-07,4859,201470.76,41.46,1413,2367,0,0.0,12.25,243
2019-04-08,4886,217246.44,44.46,1403,2367,0,0.0,11.32,237
2019-04-09,4331,199353.29,46.03,1376,2230,10,0.2309,13.35,193
2019-04-10,4444,175570.66,39.51,1348,2193,0,0.0,12.71,259
2019-04-11,4791,203909.24,42.56,1400,2335,13,0.2713,11.88,231
2019-04-12,4823,199383.99,41.34,1400,2341,13,0.2695,11.69,235
2019-04-13,4893,210330.5,42.99,1394,2360,5,0.1022,11.91,238
2019-04-14,4686,197869.89,42.23,1396,2295,0,0.0,13.08,209
2019-04-15,4917,227306.08,46.23,1399,2351,0,0.0,11.78,239
2019-04-16,4351,200099.71,45.99,1374,2224,10,0.2298,12.36,187
2019-04-17,4580,191703.1,41.86,1368,2228,0,0.0,13.01,279
2019-04-18,4883,207379.23,42.47,1411,2365,12,0.2458,13.02,228
2019-04-19,4897,200971.9,41.04,1402,2378,9,0.1838,12.17,228
2019-04-20,4985,205018.04,41.13,1402,2361,21,0.4213,12.14,224
2019-04-21,4918,215466.88,43.81,1402,2348,0,0.0,12.02,232
2019-04-22,4928,217829.81,44.2,1409,2363,1,0.0203,12.13,240
2019-04-23,4263,191782.27,44.99,1365,2209,16,0.3753,12.32,183
2019-04-24,4380,185926.12,42.45,1372,2222,0,0.0,12.24,232
2019-04-25,4853,199736.45,41.16,1398,2332,13,0.2679,12.67,252
2019-04-26,4919,202882.33,41.24,1418,2354,14,0.2846,11.75,244
2019-04-27,4854,205311.52,42.3,1396,2331,16,0.3296,13.08,234
2019-04-28,4872,209311.12,42.96,1395,2347,0,0.0,12.71,216
2019-04-29,4797,219503.54,45.76,1396,2365,0,0.0,12.51,203
2019-04-30,4307,203705.8,47.3,1363,2195,10,0.2322,12.96,199
2019-05-01,4426,188729.76,42.64,1376,2237,0,0.0,12.2,250
2019-05-02,4777,199887.18,41.84,1384,2295,16,0.3349,11.99,228
2019-05-03,4766,206058.02,43.24,1395,2323,13,0.2728,11.79,240
2019-05-04,4864,201700.81,41.47,1389,2330,10,0.2056,11.86,248
2019-05-05,4927,212859.19,43.2,1397,2346,0,0.0,11.89,252
2019-05-06,4837,210908.38,43.6,1389,2352,0,0.0,12.8,217
2019-05-07,4261,197304.61,46.3,1368,2209,17,0.399,12.41,173
2019-05-08,4406,189303.97,42.97,1355,2182,0,0.0,12.91,230
2019-05-09,4871,206210.48,42.33,1396,2346,18,0.3695,12.26,226
2019-05-10,4886,203077.37,41.56,1377,2355,12,0.2456,12.22,232
2019-05-11,4812,194615.56,40.44,1401,2347,17,0.3533,12.18,213
2019-05-12,4834,206700.26,42.76,1390,2327,0,0.0,12.45,238
2019-05-13,4841,213181.19,44.04,1398,2385,0,0.0,12.89,227
2019-05-14,4354,205387.4,47.17,1354,2264,8,0.1837,13.44,173
2019-05-15,4302,184422.65,42.87,1361,2181,1,0.0232,13.27,236
2019-05-16,4746,204381.38,43.06,1395,2315,16,0.3371,12.01,211
2019-05-17,4762,195247.83,41.0,1387,2320,13,0.273,11.82,227
2019-05-18,4893,207512.49,42.41,1397,2340,18,0.3679,12.24,239
2019-05-19,4707,192091.62,40.81,1396,2338,0,0.0,12.28,208
2019-05-20,4751,217925.3,45.87,1396,2348,0,0.0,12.67,218
2019-05-21,4281,193688.07,45.24,1361,2187,15,0.3504,13.41,201
2019-05-22,4411,190331.51,43.15,1383,2285,1,0.0227,12.58,230
2019-05-23,4845,206837.05,42.69,1397,2366,17,0.3509,12.47,208
2019-05-24,4920,211013.43,42.89,1407,2374,11,0.2236,12.07,233
2019-05-25,4856,208122.82,42.86,1407,2369,16,0.3295,12.77,223
2019-05-26,4854,198519.9,40.9,1402,2321,0,0.0,12.11,247
2019-05-27,4906,224458.46,45.75,1410,2347,0,0.0,12.6,245
2019-05-28,4272,202171.1,47.32,1377,2244,15,0.3511,13.18,173
2019-05-29,4344,191460.62,44.07,1359,2229,0,0.0,12.25,233
2019-05-30,4987,184816.96,37.06,1396,2369,16,0.3208,14.32,214
2019-05-31,4949,217039.86,43.86,1405,2392,10,0.2021,12.65,251
2019-06-01,4832,202635.55,41.94,1394,2355,8,0.1656,11.51,228
2019-06-02,4831,207790.34,43.01,1388,2340,0,0.0,12.34,228
2019-06-03,4867,227597.63,46.76,1400,2346,0,0.0,12.35,234
2019-06-04,4407,198336.07,45.0,1372,2231,17,0.3857,12.05,202
2019-06-05,4482,195150.09,43.54,1379,2256,0,0.0,12.9,229
2019-06-06,4820,205019.58,42.54,1383,2340,12,0.249,12.55,212
2019-06-07,4892,205372.55,41.98,1392,2349,10,0.2044,11.75,230
2019-06-08,4888,197563.26,40.42,1413,2337,6,0.1227,12.46,236
2019-06-09,4818,203061.91,42.15,1409,2388,0,0.0,12.04,222
2019-06-10,4816,213210.31,44.27,1392,2331,0,0.0,12.67,225
2019-06-11,4324,200460.24,46.36,1357,2206,6,0.1388,12.97,181
2019-06-12,4356,192559.85,44.21,1367,2224,0,0.0,13.2,232
2019-06-13,4830,198293.11,41.05,1391,2311,20,0.4141,12.34,220
2019-06-14,4865,214706.57,44.13,1385,2293,11,0.2261,12.44,236
2019-06-15,4911,202037.46,41.14,1385,2364,12,0.2443,12.48,244
2019-06-16,4855,199267.77,41.04,1395,2340,0,0.0,12.58,234
2019-06-17,4981,222684.86,44.71,1414,2412,0,0.0,12.19,248
2019-06-18,4364,201139.46,46.09,1379,2260,13,0.2979,12.79,179
2019-06-19,4443,191151.36,43.02,1388,2267,0,0.0,13.35,241
2019-06-20,4831,204127.73,42.25,1393,2327,10,0.207,12.59,225
2019-06-21,4922,205195.18,41.69,1395,2356,12,0.2438,12.72,224
2019-06-22,4872,207544.45,42.6,1387,2363,24,0.4926,12.77,218
2019-06-23,4744,217877.13,45.93,1398,2343,2,0.0422,12.58,198
2019-06-24,4908,220403.9,44.91,1394,2339,0,0.0,12.29,224
2019-06-25,4424,202239.05,45.71,1387,2278,13,0.2939,13.0,173
2019-06-26,4589,197283.96,42.99,1368,2237,1,0.0218,12.73,291
2019-06-27,4887,202108.4,41.36,1381,2350,5,0.1023,13.1,241
2019-06-28,4889,201796.46,41.28,1391,2351,19,0.3886,12.09,241
2019-06-29,4844,206496.2,42.63,1396,2344,14,0.289,12.51,243
2019-06-30,4907,201003.66,40.96,1397,2304,0,0.0,12.78,237
2019-07-01,4981,210458.47,42.25,1395,2364,2,0.0402,12.09,246
2019-07-02,4250,193243.47,45.47,1360,2198,9,0.2118,13.65,185
2019-07-03,4420,183763.52,41.58,1366,2221,0,0.0,11.18,272
2019-07-04,4904,178221.83,36.34,1379,2314,7,0.1427,14.6,217
2019-07-05,4939,203448.56,41.19,1401,2374,5,0.1012,12.01,252
2019-07-06,4783,200586.7,41.94,1395,2326,8,0.1673,12.4,215
2019-07-07,4810,197888.39,41.14,1378,2330,0,0.0,12.31,220
2019-07-08,4892,214719.32,43.89,1401,2368,0,0.0,12.39,246
2019-07-09,4419,199867.22,45.23,1363,2227,10,0.2263,12.99,198
2019-07-10,4458,197973.46,44.41,1379,2236,0,0.0,12.81,244
2019-07-11,4921,207809.6,42.23,1399,2355,6,0.1219,11.97,243
2019-07-12,4848,201834.82,41.63,1411,2396,6,0.1238,12.29,224
2019-07-13,4872,204010.8,41.87,1390,2339,1,0.0205,11.86,236
2019-07-14,4920,198865.16,40.42,1400,2365,0,0.0,11.97,241
2019-07-15,4903,215692.96,43.99,1391,2369,0,0.0,12.3,222
2019-07-16,4390,194487.38,44.3,1338,2220,8,0.1822,12.64,186
2019-07-17,4493,192809.22,42.91,1363,2269,0,0.0,12.66,236
2019-07-18,4919,206146.41,41.91,1398,2356,7,0.1423,12.34,229
2019-07-19,4699,192465.66,40.96,1393,2349,12,0.2554,12.41,216
2019-07-20,4959,206166.06,41.57,1406,2374,13,0.2621,12.78,234
2019-07-21,4812,196490.96,40.83,1385,2339,0,0.0,11.95,242
2019-07-22,4913,216321.93,44.03,1423,2385,0,0.0,12.19,228
2019-07-23,4492,209796.18,46.7,1363,2255,18,0.4007,12.6,194
2019-07-24,4451,189371.84,42.55,1370,2223,1,0.0225,12.54,258
2019-07-25,4930,199346.81,40.44,1408,2352,5,0.1014,11.93,248
2019-07-26,4937,205322.71,41.59,1404,2355,14,0.2836,12.01,244
2019-07-27,4839,205851.77,42.54,1386,2316,8,0.1653,12.44,244
2019-07-28,4842,201951.8,41.71,1393,2354,0,0.0,11.54,220
2019-07-29,4880,214970.29,44.05,1402,2353,0,0.0,12.48,219
2019-07-30,4365,204927.66,46.95,1375,2261,16,0.3666,13.2,174
2019-07-31,4358,188215.4,43.19,1356,2221,0,0.0,13.68,238
2019-08-01,4928,205159.39,41.63,1396,2364,12,0.2435,12.76,246
2019-08-02,4940,196741.23,39.83,1403,2384,21,0.4251,12.15,247
2019-08-03,4877,205612.45,42.16,1399,2329,21,0.4306,12.3,245
2019-08-04,4778,204463.37,42.79,1407,2354,0,0.0,12.18,219
2019-08-05,4968,223523.07,44.99,1411,2374,0,0.0,12.88,242
2019-08-06,4481,207690.26,46.35,1377,2226,19,0.424,12.97,204
2019-08-07,4590,199034.08,43.36,1385,2262,0,0.0,12.44,261
2019-08-08,4769,198042.39,41.53,1388,2311,24,0.5033,12.08,233
2019-08-09,4959,199242.8,40.18,1399,2343,12,0.242,12.14,249
2019-08-10,4843,201921.14,41.69,1392,2336,15,0.3097,12.16,228
2019-08-11,4849,205866.18,42.46,1399,2353,0,0.0,12.04,242
2019-08-12,4830,209487.67,43.37,1391,2326,0,0.0,12.05,229
2019-08-13,4309,205383.67,47.66,1361,2240,11,0.2553,12.9,169
2019-08-14,4378,192479.31,43.97,1355,2252,0,0.0,13.04,233
2019-08-15,4831,198010.77,40.99,1386,2319,9,0.1863,12.17,249
2019-08-16,4864,194650.58,40.02,1391,2324,11,0.2262,12.42,241
2019-08-17,4881,202910.49,41.57,1388,2338,9,0.1844,11.96,239
2019-08-18,4733,188744.99,39.88,1391,2320,0,0.0,11.9,225
2019-08-19,4854,217465.69,44.8,1406,2385,0,0.0,12.79,227
2019-08-20,4520,198955.74,44.02,1388,2294,8,0.177,12.04,230
2019-08-21,4516,202257.35,44.79,1347,2219,0,0.0,12.25,275
2019-08-22,4758,198623.14,41.75,1386,2309,9,0.1892,11.85,226
2019-08-23,4845,193444.27,39.93,1394,2313,8,0.1651,12.51,233
2019-08-24,4907,205342.39,41.85,1403,2359,10,0.2038,11.86,256
2019-08-25,4826,192766.05,39.94,1402,2354,1,0.0207,12.14,218
2019-08-26,4850,204249.28,42.11,1385,2317,0,0.0,12.66,228
2019-08-27,4336,192394.41,44.37,1353,2208,11,0.2537,13.51,186
2019-08-28,4379,190945.49,43.6,1380,2238,0,0.0,12.63,227
2019-08-29,4924,208233.59,42.29,1396,2360,10,0.2031,12.04,259
2019-08-30,4866,199719.88,41.04,1400,2340,12,0.2466,12.19,236
2019-08-31,4750,197190.99,41.51,1386,2342,14,0.2947,12.27,224
2019-09-01,4854,195695.62,40.32,1403,2338,0,0.0,12.28,260
2019-09-02,5001,221326.39,44.26,1400,2360,2,0.04,12.66,231
2019-09-03,4340,195488.2,45.04,1369,2219,17,0.3917,12.07,179
2019-09-04,4337,179621.23,41.42,1347,2205,0,0.0,11.9,252
2019-09-05,4996,185971.05,37.22,1398,2365,13,0.2602,14.45,239
2019-09-06,4850,206492.45,42.58,1399,2367,10,0.2062,13.44,213
2019-09-07,4832,206282.63,42.69,1393,2298,10,0.207,12.11,233
2019-09-08,4803,200507.79,41.75,1390,2315,0,0.0,12.53,252
2019-09-09,4899,205103.6,41.87,1409,2347,0,0.0,11.84,250
2019-09-10,4383,193351.36,44.11,1354,2230,10,0.2282,13.07,211
2019-09-11,4413,186637.43,42.29,1374,2230,0,0.0,12.49,260
2019-09-12,4814,206544.82,42.91,1389,2331,6,0.1246,12.67,230
2019-09-13,4915,194407.95,39.55,1401,2341,5,0.1017,12.27,228
2019-09-14,4850,205417.47,42.35,1396,2356,2,0.0412,12.1,235
2019-09-15,4788,201284.4,42.04,1380,2339,0,0.0,12.05,215
2019-09-16,4896,212402.01,43.38,1405,2358,2,0.0408,11.48,239
2019-09-17,4335,199221.73,45.96,1361,2232,8,0.1845,13.03,182
2019-09-18,4351,185962.76,42.74,1369,2253,0,0.0,13.08,226
2019-09-19,4782,195895.19,40.97,1393,2328,3,0.0627,11.88,223
2019-09-20,4805,196721.64,40.94,1382,2286,4,0.0832,12.94,228
2019-09-21,4770,192108.38,40.27,1391,2343,10,0.2096,11.43,203
2019-09-22,4930,213795.51,43.37,1393,2345,0,0.0,12.03,238
2019-09-23,5030,217046.43,43.15,1409,2366,0,0.0,11.69,252
2019-09-24,4284,195541.43,45.64,1359,2179,11,0.2568,11.88,188
2019-09-25,4405,192858.3,43.78,1371,2254,0,0.0,12.58,238
2019-09-26,4742,190769.52,40.23,1382,2333,8,0.1687,11.87,231
2019-09-27,4868,206381.75,42.4,1398,2364,12,0.2465,11.79,232
2019-09-28,4798,208529.89,43.46,1389,2320,9,0.1876,12.17,222
2019-09-29,4860,198679.35,40.88,1391,2315,0,0.0,11.17,231
2019-09-30,4813,214059.03,44.48,1406,2322,0,0.0,11.99,220
2019-10-01,4212,195148.75,46.33,1344,2143,15,0.3561,12.08,195
2019-10-02,4418,189117.83,42.81,1383,2243,0,0.0,12.45,234
2019-10-03,4872,202555.03,41.58,1406,2339,14,0.2874,12.23,230
2019-10-04,4913,205667.41,41.86,1397,2347,14,0.285,12.29,248
2019-10-05,4780,201021.25,42.05,1395,2342,18,0.3766,11.86,224
2019-10-06,4910,203458.7,41.44,1407,2381,0,0.0,12.55,242
2019-10-07,4866,215098.41,44.2,1395,2351,0,0.0,12.66,230
2019-10-08,4248,190430.06,44.83,1362,2228,29,0.6827,12.66,176
2019-10-09,4420,189817.16,42.95,1363,2229,0,0.0,13.08,260
2019-10-10,4867,194531.2,39.97,1380,2360,17,0.3493,12.49,214
2019-10-11,4879,206974.06,42.42,1391,2322,20,0.4099,12.81,234
2019-10-12,4816,200829.21,41.7,1366,2293,21,0.436,11.9,241
2019-10-13,4819,203056.54,42.14,1394,2353,1,0.0208,11.81,225
2019-10-14,4799,213842.42,44.56,1388,2371,0,0.0,12.5,218
2019-10-15,4299,198185.94,46.1,1371,2215,22,0.5117,12.79,174
2019-10-16,4337,189061.65,43.59,1359,2187,0,0.0,12.08,233
2019-10-17,4848,189052.23,39.0,1402,2351,16,0.33,11.94,227
2019-10-18,4892,203044.91,41.51,1392,2359,15,0.3066,11.9,238
2019-10-19,4852,202677.66,41.77,1409,2338,13,0.2679,12.59,237
2019-10-20,4733,204843.69,43.28,1397,2296,0,0.0,12.0,216
2019-10-21,4906,212073.33,43.23,1410,2362,0,0.0,12.29,232
2019-10-22,4269,198935.35,46.6,1355,2184,18,0.4216,12.51,178
2019-10-23,4505,192052.26,42.63,1380,2262,0,0.0,12.5,265
2019-10-24,4759,200955.48,42.23,1386,2316,12,0.2522,12.31,217
2019-10-25,4785,194230.2,40.59,1399,2328,17,0.3553,12.37,214
2019-10-26,4717,194561.94,41.25,1377,2287,10,0.212,13.02,223
2019-10-27,4738,190761.68,40.26,1389,2306,3,0.0633,12.39,227
2019-10-28,4908,208778.15,42.54,1403,2367,0,0.0,12.12,228
2019-10-29,4384,196593.03,44.84,1362,2215,0,0.0,12.64,210
2019-10-30,4377,191544.97,43.76,1364,2239,0,0.0,12.75,235
2019-10-31,4946,199490.2,40.33,1397,2332,0,0.0,13.02,240
2019-11-01,4862,200927.6,41.33,1397,2329,0,0.0,11.93,229
2019-11-02,4867,204469.52,42.01,1390,2341,0,0.0,11.38,251
2019-11-03,4798,200561.06,41.8,1381,2339,0,0.0,11.46,228
2019-11-04,4962,233298.81,47.02,1399,2381,0,0.0,12.03,231
2019-11-05,4353,196557.29,45.15,1375,2223,0,0.0,12.01,195
2019-11-06,4460,189907.58,42.58,1374,2239,0,0.0,12.42,266
2019-11-07,4791,196561.57,41.03,1380,2327,0,0.0,11.94,234
2019-11-08,4897,197162.42,40.26,1398,2350,0,0.0,12.15,232
2019-11-09,4881,207741.12,42.56,1392,2332,0,0.0,12.17,227
2019-11-10,4876,207901.71,42.64,1402,2365,0,0.0,11.94,233
2019-11-11,4834,222448.37,46.02,1389,2334,0,0.0,12.35,210
2019-11-12,4300,196285.83,45.65,1371,2230,0,0.0,11.6,195
2019-11-13,4460,186227.99,41.76,1377,2214,0,0.0,12.35,250
2019-11-14,4855,204669.8,42.16,1396,2378,0,0.0,12.3,245
2019-11-15,4905,210174.99,42.85,1397,2349,0,0.0,12.35,233
2019-11-16,4839,204754.66,42.31,1396,2349,0,0.0,12.21,221
2019-11-17,4854,201917.23,41.6,1397,2329,0,0.0,11.87,254
2019-11-18,4863,206719.22,42.51,1399,2341,0,0.0,12.4,234
2019-11-19,4295,195425.15,45.5,1355,2217,0,0.0,12.22,187
2019-11-20,4352,193659.87,44.5,1383,2232,0,0.0,13.37,216
2019-11-21,4792,196767.17,41.06,1377,2325,0,0.0,12.77,220
2019-11-22,4825,214413.69,44.44,1403,2372,0,0.0,12.5,214
2019-11-23,4831,204439.22,42.32,1399,2332,0,0.0,12.92,239
2019-11-24,4984,192373.81,38.6,1394,2372,0,0.0,15.17,202
2019-11-25,4863,215969.58,44.41,1407,2348,0,0.0,12.36,227
2019-11-26,4341,215120.16,49.56,1374,2234,0,0.0,13.25,187
2019-11-27,4464,202037.15,45.26,1364,2238,0,0.0,12.7,247
2019-11-28,4837,197327.03,40.8,1390,2360,0,0.0,12.8,228
2019-11-29,4815,197530.67,41.02,1389,2347,0,0.0,12.11,221
2019-11-30,4890,203148.46,41.54,1392,2323,0,0.0,11.8,236
2019-12-01,4811,205630.35,42.74,1404,2321,0,0.0,11.76,228
2019-12-02,4831,215468.95,44.6,1403,2339,0,0.0,12.48,228
2019-12-03,4320,199075.08,46.08,1366,2205,0,0.0,13.06,180
2019-12-04,4536,199798.72,44.05,1370,2257,0,0.0,12.57,252
2019-12-05,4680,188084.13,40.19,1378,2317,0,0.0,12.22,204
2019-12-06,4791,200132.66,41.77,1388,2328,0,0.0,11.71,219
2019-12-07,4887,211102.52,43.2,1399,2348,0,0.0,12.07,229
2019-12-08,4827,197959.34,41.01,1402,2358,0,0.0,11.79,225
2019-12-09,5022,219429.31,43.69,1412,2384,0,0.0,12.58,242
2019-12-10,4416,205868.95,46.62,1376,2234,0,0.0,13.02,199
2019-12-11,4336,187355.95,43.21,1362,2193,0,0.0,12.5,236
2019-12-12,4798,200476.64,41.78,1405,2344,0,0.0,12.61,219
2019-12-13,4847,200161.64,41.3,1410,2360,0,0.0,12.13,226
2019-12-14,4959,200791.36,40.49,1402,2368,0,0.0,12.56,264
2019-12-15,4738,201079.9,42.44,1392,2306,0,0.0,12.9,227
2019-12-16,5041,220596.91,43.76,1402,2369,0,0.0,12.3,234
2019-12-17,4296,198216.88,46.14,1348,2222,0,0.0,13.22,180
2019-12-18,4385,191036.12,43.57,1379,2248,0,0.0,12.52,235
2019-12-19,4856,199193.2,41.02,1403,2361,0,0.0,11.66,240
2019-12-20,4865,194135.72,39.9,1394,2315,0,0.0,13.03,257
2019-12-21,4777,197126.27,41.27,1393,2351,0,0.0,12.66,234
2019-12-22,4813,203256.55,42.23,1396,2352,0,0.0,12.53,223
2019-12-23,4933,211330.63,42.84,1394,2361,0,0.0,13.8,235
2019-12-24,4313,193859.21,44.95,1359,2214,0,0.0,12.96,171
2019-12-25,5139,193259.24,37.61,1396,2391,0,0.0,14.77,291
2019-12-26,4879,200994.85,41.2,1394,2336,0,0.0,12.5,227
2019-12-27,4718,193931.44,41.1,1391,2282,0,0.0,12.0,207
2019-12-28,4663,191198.53,41.0,1382,2275,0,0.0,12.35,207
2019-12-29,4749,196542.67,41.39,1390,2302,0,0.0,12.26,225
2019-12-30,4989,208036.44,41.7,1409,2349,0,0.0,12.23,249
2019-12-31,4364,200147.2,45.86,1368,2280,0,0.0,12.9,184
